entities,created_at,id,author_id,lang,edit_history_tweet_ids,text,context_annotations,retweet_count,reply_count,like_count,quote_count
"{'urls': [{'start': 120, 'end': 139, 'url': 'https://t.co/jokWC7', 'display_url': 't.co/jokWC7'}], 'mentions': [{'start': 3, 'end': 16, 'username': 'WOLPalestine', 'id': '3439407017'}], 'annotations': [{'start': 104, 'end': 118, 'probability': 0.7388, 'type': 'Place', 'normalized_text': 'Central Station'}]}",2025-04-08T03:45:21.000Z,1909452479802101902,1175575729708269568,en,['1909452479802101902'],"RT @WOLPalestine: â€¼ï¸SHUT IT DOWNâ€¼ï¸
PRO PALESTINE PROTESTERS SHUTDOWN ENTRANCES TO GRAND CENTRAL

ğŸ“Grand Central Station https://t.co/jokWC7â€¦",,194,0,0,0
"{'mentions': [{'start': 3, 'end': 16, 'username': 'Miminouche17', 'id': '1297565235222585344'}]}",2025-04-08T03:45:21.000Z,1909452477444858120,741875717617651712,fr,['1909452477444858120'],RT @Miminouche17: Et pour la Palestine ? Ou c'est trop arabe peut Ãªtre ?,"[{'domain': {'id': '131', 'name': 'Unified Twitter Taxonomy', 'description': 'A taxonomy of user interests. '}, 'entity': {'id': '1046545033657081857', 'name': 'News', 'description': 'News'}}, {'domain': {'id': '131', 'name': 'Unified Twitter Taxonomy', 'description': 'A taxonomy of user interests. '}, 'entity': {'id': '1047084549396549632', 'name': 'Ongoing news stories', 'description': 'Breaking News'}}, {'domain': {'id': '10', 'name': 'Person', 'description': 'Named people in the world like Nelson Mandela'}, 'entity': {'id': '822153632002904064', 'name': 'Emmanuel Macron', 'description': 'Emmanuel Macron'}}, {'domain': {'id': '35', 'name': 'Politician', 'description': 'Politicians in the world, like Joe Biden'}, 'entity': {'id': '822153632002904064', 'name': 'Emmanuel Macron', 'description': 'Emmanuel Macron'}}, {'domain': {'id': '131', 'name': 'Unified Twitter Taxonomy', 'description': 'A taxonomy of user interests. '}, 'entity': {'id': '822153632002904064', 'name': 'Emmanuel Macron', 'description': 'Emmanuel Macron'}}, {'domain': {'id': '131', 'name': 'Unified Twitter Taxonomy', 'description': 'A taxonomy of user interests. '}, 'entity': {'id': '847878884917886977', 'name': 'Politics', 'description': 'Politics'}}, {'domain': {'id': '131', 'name': 'Unified Twitter Taxonomy', 'description': 'A taxonomy of user interests. '}, 'entity': {'id': '1070032753834438656', 'name': 'Political figures', 'description': 'Politician'}}, {'domain': {'id': '131', 'name': 'Unified Twitter Taxonomy', 'description': 'A taxonomy of user interests. '}, 'entity': {'id': '1483822657963397121', 'name': 'France politics'}}]",254,0,0,0
"{'mentions': [{'start': 3, 'end': 18, 'username': 'NerdeenKiswani', 'id': '2360591046'}, {'start': 71, 'end': 84, 'username': 'WOLPalestine', 'id': '3439407017'}], 'annotations': [{'start': 20, 'end': 23, 'probability': 0.9858, 'type': 'Place', 'normalized_text': 'Gaza'}, {'start': 50, 'end': 58, 'probability': 0.9608, 'type': 'Place', 'normalized_text': 'Palestine'}, {'start': 95, 'end': 115, 'probability': 0.9466, 'type': 'Place', 'normalized_text': 'Grand Central Station'}, {'start': 118, 'end': 121, 'probability': 0.6976, 'type': 'Place', 'normalized_text': 'NYPD'}]}",2025-04-08T03:45:21.000Z,1909452477394763912,1479797795087273984,en,['1909452477394763912'],"RT @NerdeenKiswani: Gaza said: Stop the world for Palestine. So today, @WOLPalestine took over Grand Central Station, NYPD shut down multipâ€¦","[{'domain': {'id': '88', 'name': 'Political Body', 'description': 'A section of a government, like The Supreme Court'}, 'entity': {'id': '854851734442721280', 'name': 'New York City Police Department', 'description': 'New York City Police Department'}}, {'domain': {'id': '131', 'name': 'Unified Twitter Taxonomy', 'description': 'A taxonomy of user interests. '}, 'entity': {'id': '847878884917886977', 'name': 'Politics', 'description': 'Politics'}}, {'domain': {'id': '131', 'name': 'Unified Twitter Taxonomy', 'description': 'A taxonomy of user interests. '}, 'entity': {'id': '854851734442721280', 'name': 'New York City Police Department', 'description': 'New York City Police Department'}}, {'domain': {'id': '131', 'name': 'Unified Twitter Taxonomy', 'description': 'A taxonomy of user interests. '}, 'entity': {'id': '1095368797517533184', 'name': 'Law Enforcement', 'description': 'Law Enforcement'}}]",441,0,0,0
"{'mentions': [{'start': 3, 'end': 14, 'username': 'IAJT1210_2', 'id': '1004427740341293056'}], 'annotations': [{'start': 81, 'end': 89, 'probability': 0.921, 'type': 'Place', 'normalized_text': 'Palestine'}, {'start': 124, 'end': 129, 'probability': 0.9653, 'type': 'Place', 'normalized_text': 'London'}]}",2025-04-08T03:45:20.000Z,1909452473799958942,1475092464759414790,en,['1909452473799958942'],RT @IAJT1210_2: The woman that has been showing throat-slitting gestures towards Palestine supporters at a demonstration in London has beenâ€¦,"[{'domain': {'id': '156', 'name': 'Cities', 'description': 'Cities around the world'}, 'entity': {'id': '855412191050121217', 'name': 'London', 'description': 'london'}}]",7454,0,0,0
"{'mentions': [{'start': 0, 'end': 12, 'username': 'AsadUllahQA', 'id': '1490964295181553668'}, {'start': 13, 'end': 28, 'username': 'SenatorMushtaq', 'id': '3273083665'}]}",2025-04-08T03:45:20.000Z,1909452472927613172,1891551373600358404,tl,['1909452472927613172'],@AsadUllahQA @SenatorMushtaq Blochistan bi army na Palestine hi bna dia ha,,0,0,0,0
"{'urls': [{'start': 117, 'end': 140, 'url': 'https://t.co/M0FpONxfka', 'expanded_url': 'https://x.com/Irnafrench/status/1908903836690919888/video/1', 'display_url': 'pic.x.com/M0FpONxfka', 'media_key': '7_1908902843005677568'}], 'mentions': [{'start': 3, 'end': 16, 'username': 'claudeelkhal', 'id': '105093300'}]}",2025-04-08T03:45:19.000Z,1909452472394850584,1235628880112881664,fr,['1909452472394850584'],"RT @claudeelkhal: Les peuples ne sont pas leurs dirigeants.

MarÃ©e humaine hier Ã  Rabat en soutien Ã  la Palestine. 

https://t.co/M0FpONxfka",,1241,0,0,0
"{'mentions': [{'start': 3, 'end': 16, 'username': 'PalestineRCS', 'id': '288160069'}, {'start': 39, 'end': 48, 'username': 'trtworld', 'id': '3091150576'}], 'annotations': [{'start': 50, 'end': 62, 'probability': 0.8303, 'type': 'Person', 'normalized_text': 'Nebal Farsakh'}, {'start': 86, 'end': 115, 'probability': 0.5706, 'type': 'Organization', 'normalized_text': 'Palestine Red Crescent Society'}, {'start': 128, 'end': 131, 'probability': 0.5054, 'type': 'Organization', 'normalized_text': 'PRCS'}]}",2025-04-08T03:45:19.000Z,1909452471384293636,2492987706,en,['1909452471384293636'],"RT @PalestineRCS: In an interview with @trtworld, Nebal Farsakh, spokesperson for the Palestine Red Crescent Society, said that PRCS is calâ€¦",,257,0,0,0
"{'mentions': [{'start': 3, 'end': 13, 'username': 'AJEnglish', 'id': '4970411'}], 'annotations': [{'start': 15, 'end': 18, 'probability': 0.5607, 'type': 'Person', 'normalized_text': 'Bibi'}, {'start': 73, 'end': 77, 'probability': 0.7089, 'type': 'Organization', 'normalized_text': 'Hamas'}, {'start': 130, 'end': 138, 'probability': 0.4257, 'type': 'Person', 'normalized_text': 'Palestini'}]}",2025-04-08T03:45:19.000Z,1909452469878292702,86410896,en,['1909452469878292702'],RT @AJEnglish: Bibi has abandoned the remaining Israeli captives held by Hamas in the evangelical pursuit of a sick plan to erase Palestiniâ€¦,"[{'domain': {'id': '45', 'name': 'Brand Vertical', 'description': 'Top level entities that describe a Brands industry'}, 'entity': {'id': '781974597310615553', 'name': 'Entertainment'}}, {'domain': {'id': '30', 'name': 'Entities [Entity Service]', 'description': 'Entity Service top level domain, every item that is in Entity Service should be in this domain'}, 'entity': {'id': '781974597105094656', 'name': 'TV/Movies Related - Entertainment'}}, {'domain': {'id': '47', 'name': 'Brand', 'description': 'Brands and Companies'}, 'entity': {'id': '1066123894476570624', 'name': 'Al Jazeera', 'description': 'Al Jazeera'}}]",21,0,0,0
"{'urls': [{'start': 51, 'end': 74, 'url': 'https://t.co/zWNtu4slU7', 'expanded_url': 'https://x.com/jacksonhinklle/status/1909425970098192692/video/1', 'display_url': 'pic.x.com/zWNtu4slU7', 'media_key': '7_1909378130411769856'}], 'mentions': [{'start': 3, 'end': 18, 'username': 'jacksonhinklle', 'id': '1151913018936053760'}], 'annotations': [{'start': 23, 'end': 30, 'probability': 0.5559, 'type': 'Other', 'normalized_text': 'HUMANITY'}]}",2025-04-08T03:45:18.000Z,1909452468112474123,62660612,en,['1909452468112474123'],RT @jacksonhinklle: ğŸ‡µğŸ‡¸ HUMANITY IS WITH PALESTINE! https://t.co/zWNtu4slU7,,109,0,0,0
"{'urls': [{'start': 278, 'end': 301, 'url': 'https://t.co/aOPa9t1yub', 'expanded_url': 'https://x.com/TFilastin/status/1909452464543129801/photo/1', 'display_url': 'pic.x.com/aOPa9t1yub', 'media_key': '3_1909452459266756608'}]}",2025-04-08T03:45:18.000Z,1909452464543129801,1279114128477519872,fr,['1909452464543129801'],"Les autoritÃ©s amÃ©ricaines continuent dâ€™annuler les visas des Ã©tudiants et diplÃ´mÃ©s qui ont participÃ© Ã  des manifestations et Ã©vÃ©nements de solidaritÃ© avec la Palestine,organisÃ©s dans les universitÃ©s Ã  travers les ğŸ‡ºğŸ‡¸ pour protester contre la guerre dÃ©vastatrice dâ€™IsraÃ«l Ã  Gaza. https://t.co/aOPa9t1yub","[{'domain': {'id': '69', 'name': 'News Vertical', 'description': 'News Categories like Entertainment or Technology'}, 'entity': {'id': '840159122012102656', 'name': 'Political News', 'description': 'Political News'}}]",0,0,0,0
"{'urls': [{'start': 57, 'end': 80, 'url': 'https://t.co/c7hQe7UsU0', 'expanded_url': 'https://x.com/jacksonhinklle/status/1909441067910676598/video/1', 'display_url': 'pic.x.com/c7hQe7UsU0', 'media_key': '7_1909379059613679616'}], 'mentions': [{'start': 3, 'end': 18, 'username': 'jacksonhinklle', 'id': '1151913018936053760'}], 'annotations': [{'start': 26, 'end': 32, 'probability': 0.9312, 'type': 'Place', 'normalized_text': 'Tunisia'}, {'start': 46, 'end': 54, 'probability': 0.8791, 'type': 'Place', 'normalized_text': 'Palestine'}]}",2025-04-08T03:45:17.000Z,1909452461921775972,1805681211370508288,en,['1909452461921775972'],RT @jacksonhinklle: ğŸ‡¹ğŸ‡³ ğŸ‡µğŸ‡¸ Tunisia STANDS with Palestine! https://t.co/c7hQe7UsU0,"[{'domain': {'id': '13', 'name': 'Place', 'description': 'Named places in the world, like Fenway Park'}, 'entity': {'id': '1180055828675514368', 'name': 'Tunisia (ØªÙˆÙ†Ø³)'}}]",59,0,0,0
"{'mentions': [{'start': 3, 'end': 13, 'username': 'Kahlissee', 'id': '848279118'}], 'annotations': [{'start': 36, 'end': 48, 'probability': 0.9794, 'type': 'Person', 'normalized_text': 'Ahmed Mansour'}, {'start': 72, 'end': 80, 'probability': 0.7924, 'type': 'Place', 'normalized_text': 'Palestine'}]}",2025-04-08T03:45:17.000Z,1909452461368033683,39750913,en,['1909452461368033683'],"RT @Kahlissee: BREAKING: Journalist Ahmed Mansour, a correspondent for â€œPalestine Todayâ€ has succumbed to his wounds and died just momentsâ€¦","[{'domain': {'id': '131', 'name': 'Unified Twitter Taxonomy', 'description': 'A taxonomy of user interests. '}, 'entity': {'id': '1046545033657081857', 'name': 'News', 'description': 'News'}}, {'domain': {'id': '131', 'name': 'Unified Twitter Taxonomy', 'description': 'A taxonomy of user interests. '}, 'entity': {'id': '1074755369530880001', 'name': 'Journalists', 'description': 'Journalism'}}]",535,0,0,0
"{'mentions': [{'start': 0, 'end': 9, 'username': 'ZaqoutMe', 'id': '2453630404'}], 'annotations': [{'start': 43, 'end': 51, 'probability': 0.8214, 'type': 'Place', 'normalized_text': 'Palestine'}]}",2025-04-08T03:45:16.000Z,1909452459753587174,1817729970489470976,en,['1909452459753587174'],@ZaqoutMe Damn the homicidal Zionist. Free Palestine ğŸ‡µğŸ‡¸ğŸ‡µğŸ‡¸,,0,0,0,0
"{'mentions': [{'start': 0, 'end': 10, 'username': 'HenMazzig', 'id': '1686270312'}], 'annotations': [{'start': 18, 'end': 26, 'probability': 0.8597, 'type': 'Place', 'normalized_text': 'Palestine'}, {'start': 66, 'end': 74, 'probability': 0.9444, 'type': 'Place', 'normalized_text': 'Palestine'}]}",2025-04-08T03:45:16.000Z,1909452456167154022,1562297155,en,['1909452456167154022'],"@HenMazzig "" Free Palestine"" . it's from the river to the sea and Palestine shall be free from the bigots",,0,0,0,0
"{'mentions': [{'start': 3, 'end': 18, 'username': 'WearThePeaceCo', 'id': '776652964798824448'}], 'annotations': [{'start': 31, 'end': 43, 'probability': 0.9784, 'type': 'Person', 'normalized_text': 'Ahmed Mansour'}, {'start': 76, 'end': 79, 'probability': 0.9007, 'type': 'Place', 'normalized_text': 'Gaza'}, {'start': 89, 'end': 97, 'probability': 0.7941, 'type': 'Place', 'normalized_text': 'Palestine'}]}",2025-04-08T03:45:15.000Z,1909452455458337244,1187403407964942338,en,['1909452455458337244'],"RT @WearThePeaceCo: Journalist Ahmed Mansour, a correspondent for the local Gaza agency â€œPalestine Todayâ€ has succumbed to his wounds and dâ€¦","[{'domain': {'id': '131', 'name': 'Unified Twitter Taxonomy', 'description': 'A taxonomy of user interests. '}, 'entity': {'id': '1046545033657081857', 'name': 'News', 'description': 'News'}}, {'domain': {'id': '131', 'name': 'Unified Twitter Taxonomy', 'description': 'A taxonomy of user interests. '}, 'entity': {'id': '1074755369530880001', 'name': 'Journalists', 'description': 'Journalism'}}]",190,0,0,0
"{'urls': [{'start': 57, 'end': 80, 'url': 'https://t.co/LcvLMtwNP3', 'expanded_url': 'https://x.com/jacksonhinklle/status/1908874836166013074/video/1', 'display_url': 'pic.x.com/LcvLMtwNP3', 'media_key': '7_1908840919400378368'}], 'mentions': [{'start': 3, 'end': 18, 'username': 'jacksonhinklle', 'id': '1151913018936053760'}], 'annotations': [{'start': 46, 'end': 54, 'probability': 0.8896, 'type': 'Place', 'normalized_text': 'Palestine'}]}",2025-04-08T03:45:14.000Z,1909452448814576050,946735110,en,['1909452448814576050'],RT @jacksonhinklle: ğŸ‡µğŸ‡¸ğŸ‡²ğŸ‡¦ Moroccans STAND with Palestine! https://t.co/LcvLMtwNP3,,1116,0,0,0
"{'urls': [{'start': 54, 'end': 77, 'url': 'https://t.co/EAkXNH53yk', 'expanded_url': 'https://x.com/aldamu_jo/status/1909129393139507301/video/1', 'display_url': 'pic.x.com/EAkXNH53yk', 'media_key': '7_1909128832105201664'}], 'mentions': [{'start': 3, 'end': 13, 'username': 'aldamu_jo', 'id': '1168233995945033728'}], 'annotations': [{'start': 15, 'end': 20, 'probability': 0.3604, 'type': 'Organization', 'normalized_text': 'Celtic'}, {'start': 41, 'end': 49, 'probability': 0.7855, 'type': 'Place', 'normalized_text': 'Palestine'}]}",2025-04-08T03:45:14.000Z,1909452447803998640,1511709588437225472,en,['1909452447803998640'],"RT @aldamu_jo: Celtic â˜˜ï¸Supporters, Free Palestine ğŸ‡µğŸ‡¸ https://t.co/EAkXNH53yk","[{'domain': {'id': '12', 'name': 'Sports Team', 'description': 'A sports team organization, like Arsenal and the Boston Celtics'}, 'entity': {'id': '731226212824023040', 'name': 'Celtic FC'}}, {'domain': {'id': '46', 'name': 'Business Taxonomy', 'description': 'Categories within Brand Verticals that narrow down the scope of Brands'}, 'entity': {'id': '1557696940178935808', 'name': 'Gaming Business', 'description': 'Brands, companies, advertisers and every non-person handle with the profit intent related to offline and online games such as gaming consoles, tabletop games, video game publishers'}}, {'domain': {'id': '46', 'name': 'Business Taxonomy', 'description': 'Categories within Brand Verticals that narrow down the scope of Brands'}, 'entity': {'id': '1557697289971322880', 'name': 'Sports & Fitness Business', 'description': 'Brands, companies, advertisers and every non-person handle with the profit intent related to sports nutrition, athletic apparel, sports apps, fitness venues'}}, {'domain': {'id': '131', 'name': 'Unified Twitter Taxonomy', 'description': 'A taxonomy of user interests. '}, 'entity': {'id': '731226212824023040', 'name': 'Celtic FC'}}, {'domain': {'id': '131', 'name': 'Unified Twitter Taxonomy', 'description': 'A taxonomy of user interests. '}, 'entity': {'id': '733756536430809088', 'name': 'Soccer'}}, {'domain': {'id': '131', 'name': 'Unified Twitter Taxonomy', 'description': 'A taxonomy of user interests. '}, 'entity': {'id': '847900493514891265', 'name': 'Sports', 'description': 'Sports'}}]",2099,0,0,0
"{'mentions': [{'start': 3, 'end': 16, 'username': 'DropSiteNews', 'id': '1776269230159147008'}], 'annotations': [{'start': 38, 'end': 50, 'probability': 0.9797, 'type': 'Person', 'normalized_text': 'Ahmad Mansour'}, {'start': 56, 'end': 64, 'probability': 0.9113, 'type': 'Place', 'normalized_text': 'Palestine'}]}",2025-04-08T03:45:13.000Z,1909452444737646882,3681354315,en,['1909452444737646882'],RT @DropSiteNews: JUST IN: Journalist Ahmad Mansour for Palestine Today has succumbed to severe burns sustained during the Israeli airstrikâ€¦,"[{'domain': {'id': '69', 'name': 'News Vertical', 'description': 'News Categories like Entertainment or Technology'}, 'entity': {'id': '840159122012102656', 'name': 'Political News', 'description': 'Political News'}}, {'domain': {'id': '131', 'name': 'Unified Twitter Taxonomy', 'description': 'A taxonomy of user interests. '}, 'entity': {'id': '1046545033657081857', 'name': 'News', 'description': 'News'}}, {'domain': {'id': '131', 'name': 'Unified Twitter Taxonomy', 'description': 'A taxonomy of user interests. '}, 'entity': {'id': '1074755369530880001', 'name': 'Journalists', 'description': 'Journalism'}}]",220,0,0,0
"{'urls': [{'start': 92, 'end': 115, 'url': 'https://t.co/ftSB9T7JBT', 'expanded_url': 'https://x.com/SayfAlqudss/status/1909452443642962227/video/1', 'display_url': 'pic.x.com/ftSB9T7JBT', 'media_key': '3_1909452352928509952'}, {'start': 92, 'end': 115, 'url': 'https://t.co/ftSB9T7JBT', 'expanded_url': 'https://x.com/SayfAlqudss/status/1909452443642962227/video/1', 'display_url': 'pic.x.com/ftSB9T7JBT', 'media_key': '7_1909452352991465472'}], 'annotations': [{'start': 23, 'end': 43, 'probability': 0.7181, 'type': 'Place', 'normalized_text': 'Grand central station'}, {'start': 70, 'end': 78, 'probability': 0.899, 'type': 'Place', 'normalized_text': 'Palestine'}]}",2025-04-08T03:45:13.000Z,1909452443642962227,1829594577193332736,en,['1909452443642962227'],The police presence at Grand central station after being shut down by Palestine protesters. https://t.co/ftSB9T7JBT,,0,0,0,0
"{'mentions': [{'start': 3, 'end': 16, 'username': 'swilkinsonbc', 'id': '4249826728'}], 'annotations': [{'start': 30, 'end': 42, 'probability': 0.9548, 'type': 'Person', 'normalized_text': 'Ahmad Mansour'}, {'start': 58, 'end': 69, 'probability': 0.4183, 'type': 'Place', 'normalized_text': 'Palestine TV'}]}",2025-04-08T03:45:12.000Z,1909452442921500969,1716186311537590273,en,['1909452442921500969'],RT @swilkinsonbc: His name is Ahmad Mansour; he works for Palestine TV: the israelis bombed his tent directly leaving him too critical to sâ€¦,"[{'domain': {'id': '46', 'name': 'Business Taxonomy', 'description': 'Categories within Brand Verticals that narrow down the scope of Brands'}, 'entity': {'id': '1557696802391859201', 'name': 'Entertainment & Leisure Business', 'description': 'Brands, companies, advertisers and every non-person handle with the profit intent related to movies, music, television, franchises, venues, theme parks, toys, tourism, hotels'}}, {'domain': {'id': '69', 'name': 'News Vertical', 'description': 'News Categories like Entertainment or Technology'}, 'entity': {'id': '840159122012102656', 'name': 'Political News', 'description': 'Political News'}}]",386,0,0,0
"{'mentions': [{'start': 0, 'end': 14, 'username': 'AJA_Palestine', 'id': '1505878911669964804'}]}",2025-04-08T03:45:12.000Z,1909452439633195501,1633191690381975552,ar,['1909452439633195501'],@AJA_Palestine Ù„Ø£Ù†Ù‡Ø§ Ø§Ù†Ù‡Ø²Ù…Øª,,0,0,0,0
"{'mentions': [{'start': 0, 'end': 15, 'username': 'KhaledEljuhani', 'id': '2456580182'}]}",2025-04-08T03:45:11.000Z,1909452437506715735,808928453005287424,ca,['1909452437506715735'],"@KhaledEljuhani ÙŠØ§ Ø´Ø¨Ø§Ø¨ Ø§Ù„Ø¹Ø§Ù„Ù…âœ…

ÙˆÙ‚ÙØ© Ø­Ù‚ Ø¥Ù†Ø³Ø§Ù†ÙŠØ© Ù…Ø¹ Ø§Ù„Ø­Ù‚ØŒÙˆÙÙ„Ø³Ø·ÙŠÙ†

Ø¹Ø·Ù„ÙˆØ§ Ù„Ù‡Ù… Ø¥Ù„ÙƒØªØ±ÙˆÙ†ÙŠÙ‹Ø§ğŸ’¥Ø£Ù†Ø¸Ù…Ø©Ø§Ù„ÙƒÙ‡Ø±Ø¨Ø§Ø¡=Ù†ØµØ± ÙˆØªÙ…ÙƒÙŠÙ† ÙÙ„Ø³Ø·ÙŠÙ† ÙÙˆØ±Ø§Ù‹

Oh, youth of the worldâœ…ğŸŒ¹

A humane stand with justice and Palestine.
Disrupt their electrical systems electronically=immediate victory and empowerment for Palestine",,0,0,0,0
"{'urls': [{'start': 92, 'end': 115, 'url': 'https://t.co/Way1sOec8D', 'expanded_url': 'https://x.com/Tufan_ALaqssa/status/1909452433153052688/video/1', 'display_url': 'pic.x.com/Way1sOec8D', 'media_key': '3_1909452261136166912'}, {'start': 92, 'end': 115, 'url': 'https://t.co/Way1sOec8D', 'expanded_url': 'https://x.com/Tufan_ALaqssa/status/1909452433153052688/video/1', 'display_url': 'pic.x.com/Way1sOec8D', 'media_key': '7_1909452261140361216'}], 'annotations': [{'start': 23, 'end': 43, 'probability': 0.7181, 'type': 'Place', 'normalized_text': 'Grand central station'}, {'start': 70, 'end': 78, 'probability': 0.899, 'type': 'Place', 'normalized_text': 'Palestine'}]}",2025-04-08T03:45:10.000Z,1909452433153052688,1716318219080777728,en,['1909452433153052688'],The police presence at Grand central station after being shut down by Palestine protesters. https://t.co/Way1sOec8D,,0,0,0,0
"{'mentions': [{'start': 0, 'end': 11, 'username': 'nicksortor', 'id': '2162812627'}], 'annotations': [{'start': 116, 'end': 124, 'probability': 0.9533, 'type': 'Place', 'normalized_text': 'Palestine'}]}",2025-04-08T03:45:10.000Z,1909452433111367725,1387238500253065216,en,['1909452433111367725'],"@nicksortor Pull ten ICE buses up out front and EVERYONE gets checked for status 

Anyone illegal is dropped off in Palestine",,0,0,0,0
"{'urls': [{'start': 74, 'end': 97, 'url': 'https://t.co/a6kPL7THt1', 'expanded_url': 'https://x.com/jacksonhinklle/status/1908919881275470083/video/1', 'display_url': 'pic.x.com/a6kPL7THt1', 'media_key': '7_1908841963635318784'}], 'mentions': [{'start': 3, 'end': 18, 'username': 'jacksonhinklle', 'id': '1151913018936053760'}], 'annotations': [{'start': 36, 'end': 41, 'probability': 0.4897, 'type': 'Other', 'normalized_text': 'SWEDEN'}]}",2025-04-08T03:45:09.000Z,1909452429428391979,1292280801606934533,en,['1909452429428391979'],"RT @jacksonhinklle: ğŸ‡µğŸ‡¸ ğŸ‡¸ğŸ‡ª THANK YOU SWEDEN!

WE ALL STAND WITH PALESTINE! https://t.co/a6kPL7THt1",,4438,0,0,0
"{'mentions': [{'start': 3, 'end': 16, 'username': 'BeckettUnite', 'id': '1088371662108676096'}], 'annotations': [{'start': 18, 'end': 35, 'probability': 0.9656, 'type': 'Person', 'normalized_text': 'Francesca Albanese'}, {'start': 116, 'end': 119, 'probability': 0.958, 'type': 'Place', 'normalized_text': 'Gaza'}]}",2025-04-08T03:45:09.000Z,1909452428963139814,93591008,en,['1909452428963139814'],"RT @BeckettUnite: Francesca Albanese once again nails it:

â€˜The reality is a genocide has been allowed to happen in Gaza ğŸ‡µğŸ‡¸ because westernâ€¦",,5004,0,0,0
"{'mentions': [{'start': 3, 'end': 16, 'username': 'SilentlySirs', 'id': '1711926993065857025'}], 'annotations': [{'start': 30, 'end': 35, 'probability': 0.9436, 'type': 'Place', 'normalized_text': 'Canada'}, {'start': 61, 'end': 69, 'probability': 0.8907, 'type': 'Place', 'normalized_text': 'Palestine'}]}",2025-04-08T03:45:09.000Z,1909452427935330565,963004820620824576,en,['1909452427935330565'],"RT @SilentlySirs: ğŸ‡¨ğŸ‡¦ğŸ”´ URGENT:
Canada has officially removed â€œPalestineâ€ from its list of recognized countries on official documents and pasâ€¦",,1772,0,0,0
"{'mentions': [{'start': 3, 'end': 17, 'username': 'MintPressNews', 'id': '414962189'}], 'annotations': [{'start': 19, 'end': 23, 'probability': 0.6245, 'type': 'Place', 'normalized_text': 'Saudi'}, {'start': 62, 'end': 66, 'probability': 0.9477, 'type': 'Place', 'normalized_text': 'Mecca'}, {'start': 95, 'end': 103, 'probability': 0.9272, 'type': 'Place', 'normalized_text': 'Palestine'}]}",2025-04-08T03:45:08.000Z,1909452426022993945,2492987706,en,['1909452426022993945'],"RT @MintPressNews: Saudi police detain a Palestinian woman in Mecca for displaying the flag of Palestine

The woman explained that she wasâ€¦",,230,0,0,0
"{'urls': [{'start': 109, 'end': 132, 'url': 'https://t.co/4dA7KW1Rpd', 'expanded_url': 'https://x.com/aldamu_jo/status/1909078395280834753/video/1', 'display_url': 'pic.x.com/4dA7KW1Rpd', 'media_key': '7_1909078323440816128'}], 'mentions': [{'start': 3, 'end': 13, 'username': 'aldamu_jo', 'id': '1168233995945033728'}], 'annotations': [{'start': 55, 'end': 65, 'probability': 0.9683, 'type': 'Place', 'normalized_text': 'New Zealand'}, {'start': 96, 'end': 104, 'probability': 0.9439, 'type': 'Place', 'normalized_text': 'Palestine'}]}",2025-04-08T03:45:06.000Z,1909452414723211265,1742541922906861569,en,['1909452414723211265'],"RT @aldamu_jo: MÄori people , indigenous population of New Zealand , stands in solidarity  with Palestine ğŸ‡µğŸ‡¸ https://t.co/4dA7KW1Rpd",,4453,0,0,0
"{'urls': [{'start': 81, 'end': 104, 'url': 'https://t.co/b1lTfbcgts', 'expanded_url': 'https://x.com/Nermeenalswaisi/status/1909054665188065336/photo/1', 'display_url': 'pic.x.com/b1lTfbcgts', 'media_key': '3_1909054658376556544'}], 'mentions': [{'start': 3, 'end': 19, 'username': 'Nermeenalswaisi', 'id': '3214536603'}]}",2025-04-08T03:45:05.000Z,1909452413616243149,1905591531912003587,en,['1909452413616243149'],"RT @Nermeenalswaisi: Can we get 3,000 people to reply with
â€œFREE PALESTINEâ€? ğŸ‡µğŸ‡¸ğŸ‰ https://t.co/b1lTfbcgts",,316,0,0,0
"{'mentions': [{'start': 3, 'end': 13, 'username': 'aldamu_jo', 'id': '1168233995945033728'}], 'annotations': [{'start': 90, 'end': 93, 'probability': 0.956, 'type': 'Place', 'normalized_text': 'Gaza'}]}",2025-04-08T03:45:05.000Z,1909452411422622041,1788873076983386112,en,['1909452411422622041'],"RT @aldamu_jo: This girl is angry because no one is doing anything about this genocide in Gaza ğŸ‡µğŸ‡¸

We beg you , stop it.

What do you wantâ€¦",,1247,0,0,0
"{'urls': [{'start': 54, 'end': 77, 'url': 'https://t.co/EAkXNH53yk', 'expanded_url': 'https://x.com/aldamu_jo/status/1909129393139507301/video/1', 'display_url': 'pic.x.com/EAkXNH53yk', 'media_key': '7_1909128832105201664'}], 'mentions': [{'start': 3, 'end': 13, 'username': 'aldamu_jo', 'id': '1168233995945033728'}], 'annotations': [{'start': 15, 'end': 20, 'probability': 0.3604, 'type': 'Organization', 'normalized_text': 'Celtic'}, {'start': 41, 'end': 49, 'probability': 0.7855, 'type': 'Place', 'normalized_text': 'Palestine'}]}",2025-04-08T03:45:05.000Z,1909452410323660853,233210427,en,['1909452410323660853'],"RT @aldamu_jo: Celtic â˜˜ï¸Supporters, Free Palestine ğŸ‡µğŸ‡¸ https://t.co/EAkXNH53yk","[{'domain': {'id': '12', 'name': 'Sports Team', 'description': 'A sports team organization, like Arsenal and the Boston Celtics'}, 'entity': {'id': '731226212824023040', 'name': 'Celtic FC'}}, {'domain': {'id': '46', 'name': 'Business Taxonomy', 'description': 'Categories within Brand Verticals that narrow down the scope of Brands'}, 'entity': {'id': '1557696940178935808', 'name': 'Gaming Business', 'description': 'Brands, companies, advertisers and every non-person handle with the profit intent related to offline and online games such as gaming consoles, tabletop games, video game publishers'}}, {'domain': {'id': '46', 'name': 'Business Taxonomy', 'description': 'Categories within Brand Verticals that narrow down the scope of Brands'}, 'entity': {'id': '1557697289971322880', 'name': 'Sports & Fitness Business', 'description': 'Brands, companies, advertisers and every non-person handle with the profit intent related to sports nutrition, athletic apparel, sports apps, fitness venues'}}, {'domain': {'id': '131', 'name': 'Unified Twitter Taxonomy', 'description': 'A taxonomy of user interests. '}, 'entity': {'id': '731226212824023040', 'name': 'Celtic FC'}}, {'domain': {'id': '131', 'name': 'Unified Twitter Taxonomy', 'description': 'A taxonomy of user interests. '}, 'entity': {'id': '733756536430809088', 'name': 'Soccer'}}, {'domain': {'id': '131', 'name': 'Unified Twitter Taxonomy', 'description': 'A taxonomy of user interests. '}, 'entity': {'id': '847900493514891265', 'name': 'Sports', 'description': 'Sports'}}]",2099,0,0,0
"{'mentions': [{'start': 0, 'end': 11, 'username': 'yousef_ki1', 'id': '775714779830902784'}]}",2025-04-08T03:45:05.000Z,1909452409815867567,110157048,et,['1909452409815867567'],@yousef_ki1 Free Palestine,,0,0,0,0
"{'mentions': [{'start': 0, 'end': 15, 'username': 'NerdeenKiswani', 'id': '2360591046'}, {'start': 16, 'end': 29, 'username': 'WOLPalestine', 'id': '3439407017'}], 'annotations': [{'start': 48, 'end': 56, 'probability': 0.5634, 'type': 'Other', 'normalized_text': 'palestine'}]}",2025-04-08T03:45:04.000Z,1909452408788304297,1760253905370292224,en,['1909452408788304297'],@NerdeenKiswani @WOLPalestine But did you free â€œpalestineâ€?,,0,0,0,0
"{'urls': [{'start': 109, 'end': 132, 'url': 'https://t.co/4dA7KW1Rpd', 'expanded_url': 'https://x.com/aldamu_jo/status/1909078395280834753/video/1', 'display_url': 'pic.x.com/4dA7KW1Rpd', 'media_key': '7_1909078323440816128'}], 'mentions': [{'start': 3, 'end': 13, 'username': 'aldamu_jo', 'id': '1168233995945033728'}], 'annotations': [{'start': 55, 'end': 65, 'probability': 0.9683, 'type': 'Place', 'normalized_text': 'New Zealand'}, {'start': 96, 'end': 104, 'probability': 0.9439, 'type': 'Place', 'normalized_text': 'Palestine'}]}",2025-04-08T03:45:04.000Z,1909452407433797941,1828956278892404736,en,['1909452407433797941'],"RT @aldamu_jo: MÄori people , indigenous population of New Zealand , stands in solidarity  with Palestine ğŸ‡µğŸ‡¸ https://t.co/4dA7KW1Rpd",,4453,0,0,0
"{'hashtags': [{'start': 114, 'end': 119, 'tag': 'ISIS'}], 'mentions': [{'start': 3, 'end': 16, 'username': 'Hindubd49346', 'id': '1832440323462909952'}], 'annotations': [{'start': 26, 'end': 30, 'probability': 0.9504, 'type': 'Place', 'normalized_text': 'Dhaka'}, {'start': 33, 'end': 42, 'probability': 0.954, 'type': 'Place', 'normalized_text': 'Bangladesh'}, {'start': 73, 'end': 81, 'probability': 0.8883, 'type': 'Place', 'normalized_text': 'Palestine'}, {'start': 87, 'end': 91, 'probability': 0.7287, 'type': 'Organization', 'normalized_text': 'Hamas'}, {'start': 115, 'end': 118, 'probability': 0.4868, 'type': 'Organization', 'normalized_text': 'ISIS'}]}",2025-04-08T03:45:04.000Z,1909452406489768391,1821231619258380289,en,['1909452406489768391'],"RT @Hindubd49346: ğŸ‡§ğŸ‡©ğŸ‡§ğŸ‡©
In Dhaka, Bangladesh,during a rally in support of Palestine and Hamas Islamists raised the #ISIS flag.When someone tâ€¦",,93,0,0,0
"{'mentions': [{'start': 3, 'end': 16, 'username': 'imrobertmine', 'id': '31074043'}, {'start': 18, 'end': 27, 'username': 'JustLuai', 'id': '45243719'}], 'annotations': [{'start': 32, 'end': 35, 'probability': 0.379, 'type': 'Other', 'normalized_text': 'Luai'}]}",2025-04-08T03:45:03.000Z,1909452402551308386,1855473598921617408,en,['1909452402551308386'],"RT @imrobertmine: @JustLuai Hey Luai, Zionism is different than just Jewish Nationalism, itâ€™s a movement based on the colonization of Palesâ€¦",,2,0,0,0
"{'mentions': [{'start': 3, 'end': 13, 'username': 'Apollouct', 'id': '1750821093236162560'}], 'annotations': [{'start': 69, 'end': 77, 'probability': 0.9323, 'type': 'Place', 'normalized_text': 'Palestine'}]}",2025-04-08T03:45:02.000Z,1909452400467100054,1656812057952669697,en,['1909452400467100054'],RT @Apollouct: It breaks my heart to see our brothers and sisters in Palestine being terrorized and murdered again and again. Genocide is nâ€¦,,108,0,0,0
"{'mentions': [{'start': 3, 'end': 16, 'username': 'EgyptNews_fr', 'id': '1672721390695337987'}]}",2025-04-08T03:45:01.000Z,1909452396784189774,500029979,fr,['1909452396784189774'],"RT @EgyptNews_fr: ğŸ‡ªğŸ‡¬ ğŸ‡µğŸ‡¸ | Â« Tiens bon, Palestineâ€¦ Demain, 100 millions arrivent. Â»

Des Ã‰gyptiens forcent le passage au poste-frontiÃ¨re deâ€¦",,319,0,0,0
"{'urls': [{'start': 84, 'end': 107, 'url': 'https://t.co/7bTvGKXO19', 'expanded_url': 'https://www.bernama.com/en/world/news.php?id=2410149', 'display_url': 'bernama.com/en/world/news.â€¦', 'status': 200, 'unwound_url': 'https://www.bernama.com/en/world/news.php?id=2410149'}, {'start': 148, 'end': 171, 'url': 'https://t.co/e5HyYMTBXY', 'expanded_url': 'https://x.com/bernamadotcom/status/1909452392178888846/photo/1', 'display_url': 'pic.x.com/e5HyYMTBXY', 'media_key': '3_1909452150125871105'}], 'hashtags': [{'start': 110, 'end': 122, 'tag': 'BernamaNews'}, {'start': 123, 'end': 130, 'tag': 'CEAPAD'}, {'start': 131, 'end': 136, 'tag': 'Gaza'}, {'start': 137, 'end': 147, 'tag': 'Palestine'}], 'annotations': [{'start': 8, 'end': 12, 'probability': 0.9913, 'type': 'Place', 'normalized_text': 'Japan'}, {'start': 24, 'end': 29, 'probability': 0.7593, 'type': 'Other', 'normalized_text': 'CEAPAD'}, {'start': 68, 'end': 71, 'probability': 0.9406, 'type': 'Place', 'normalized_text': 'Gaza'}, {'start': 111, 'end': 121, 'probability': 0.7863, 'type': 'Place', 'normalized_text': 'BernamaNews'}, {'start': 124, 'end': 129, 'probability': 0.4604, 'type': 'Other', 'normalized_text': 'CEAPAD'}, {'start': 132, 'end': 135, 'probability': 0.9733, 'type': 'Place', 'normalized_text': 'Gaza'}, {'start': 138, 'end': 146, 'probability': 0.9365, 'type': 'Place', 'normalized_text': 'Palestine'}]}",2025-04-08T03:45:00.000Z,1909452392178888846,106669711,en,['1909452392178888846'],"[World] Japan reaffirms CEAPAD role, begins treatment for evacuated Gaza patients 

https://t.co/7bTvGKXO19 

#BernamaNews #CEAPAD #Gaza #Palestine https://t.co/e5HyYMTBXY",,0,0,0,0
"{'mentions': [{'start': 3, 'end': 18, 'username': 'falastinerkive', 'id': '1481729901355012097'}], 'annotations': [{'start': 43, 'end': 55, 'probability': 0.9787, 'type': 'Person', 'normalized_text': 'Ahmad Mansour'}, {'start': 74, 'end': 82, 'probability': 0.685, 'type': 'Place', 'normalized_text': 'Palestine'}]}",2025-04-08T03:45:00.000Z,1909452389897084963,1157788406279233538,en,['1909452389897084963'],"RT @falastinerkive: Palestinian journalist Ahmad Mansour, a reporter for â€œPalestine Today,â€ was critically injured after Israeli shelling sâ€¦","[{'domain': {'id': '69', 'name': 'News Vertical', 'description': 'News Categories like Entertainment or Technology'}, 'entity': {'id': '840159122012102656', 'name': 'Political News', 'description': 'Political News'}}, {'domain': {'id': '131', 'name': 'Unified Twitter Taxonomy', 'description': 'A taxonomy of user interests. '}, 'entity': {'id': '1046545033657081857', 'name': 'News', 'description': 'News'}}, {'domain': {'id': '131', 'name': 'Unified Twitter Taxonomy', 'description': 'A taxonomy of user interests. '}, 'entity': {'id': '1074755369530880001', 'name': 'Journalists', 'description': 'Journalism'}}]",91,0,0,0
"{'urls': [{'start': 88, 'end': 111, 'url': 'https://t.co/8Y1cxXUuJ4', 'expanded_url': 'https://x.com/aldamu_jo/status/1909298356196606011/video/1', 'display_url': 'pic.x.com/8Y1cxXUuJ4', 'media_key': '7_1909298280950812672'}], 'mentions': [{'start': 3, 'end': 13, 'username': 'aldamu_jo', 'id': '1168233995945033728'}], 'annotations': [{'start': 40, 'end': 46, 'probability': 0.8846, 'type': 'Place', 'normalized_text': 'America'}, {'start': 75, 'end': 83, 'probability': 0.9423, 'type': 'Place', 'normalized_text': 'Palestine'}]}",2025-04-08T03:44:59.000Z,1909452388479492308,1683917799213654018,en,['1909452388479492308'],RT @aldamu_jo: indigenous population of America stands in solidarity  with Palestine ğŸ‡µğŸ‡¸ https://t.co/8Y1cxXUuJ4,,1168,0,0,0
"{'urls': [{'start': 77, 'end': 100, 'url': 'https://t.co/JtFgirgayX', 'expanded_url': 'https://x.com/GraffitiRadical/status/1909229109110296844/photo/1', 'display_url': 'pic.x.com/JtFgirgayX', 'media_key': '3_1909229103448043520'}], 'mentions': [{'start': 3, 'end': 19, 'username': 'GraffitiRadical', 'id': '1132946492799430656'}], 'annotations': [{'start': 26, 'end': 34, 'probability': 0.8114, 'type': 'Place', 'normalized_text': 'Palestine'}, {'start': 50, 'end': 59, 'probability': 0.7765, 'type': 'Place', 'normalized_text': 'Korydallos'}, {'start': 62, 'end': 67, 'probability': 0.5133, 'type': 'Place', 'normalized_text': 'Athens'}, {'start': 70, 'end': 75, 'probability': 0.9417, 'type': 'Place', 'normalized_text': 'Greece'}]}",2025-04-08T03:44:59.000Z,1909452387082785166,1248275800727719943,en,['1909452387082785166'],"RT @GraffitiRadical: Free Palestine mural seen in Korydallos, Athens, Greece https://t.co/JtFgirgayX",,31,0,0,0
"{'mentions': [{'start': 3, 'end': 18, 'username': 'Yemenimilitary', 'id': '1818313690849972224'}], 'annotations': [{'start': 58, 'end': 64, 'probability': 0.7372, 'type': 'Place', 'normalized_text': 'Red Sea'}, {'start': 69, 'end': 77, 'probability': 0.966, 'type': 'Place', 'normalized_text': 'Palestine'}, {'start': 85, 'end': 89, 'probability': 0.9851, 'type': 'Place', 'normalized_text': 'Yemen'}]}",2025-04-08T03:44:59.000Z,1909452385484693545,1495967552983420928,en,['1909452385484693545'],RT @Yemenimilitary: No Zionist ship will pass through the Red Sea to Palestine since Yemen announced the resumption of its operations in thâ€¦,,10104,0,0,0
"{'urls': [{'start': 57, 'end': 80, 'url': 'https://t.co/c7hQe7UsU0', 'expanded_url': 'https://x.com/jacksonhinklle/status/1909441067910676598/video/1', 'display_url': 'pic.x.com/c7hQe7UsU0', 'media_key': '7_1909379059613679616'}], 'mentions': [{'start': 3, 'end': 18, 'username': 'jacksonhinklle', 'id': '1151913018936053760'}], 'annotations': [{'start': 26, 'end': 32, 'probability': 0.9312, 'type': 'Place', 'normalized_text': 'Tunisia'}, {'start': 46, 'end': 54, 'probability': 0.8791, 'type': 'Place', 'normalized_text': 'Palestine'}]}",2025-04-08T03:44:59.000Z,1909452384771715563,1757002597976756225,en,['1909452384771715563'],RT @jacksonhinklle: ğŸ‡¹ğŸ‡³ ğŸ‡µğŸ‡¸ Tunisia STANDS with Palestine! https://t.co/c7hQe7UsU0,"[{'domain': {'id': '13', 'name': 'Place', 'description': 'Named places in the world, like Fenway Park'}, 'entity': {'id': '1180055828675514368', 'name': 'Tunisia (ØªÙˆÙ†Ø³)'}}]",59,0,0,0
"{'mentions': [{'start': 3, 'end': 16, 'username': 'SabrinaM2812', 'id': '41469128'}]}",2025-04-08T03:44:58.000Z,1909452383236899258,1457111541774368770,in,['1909452383236899258'],RT @SabrinaM2812: Dah tak tahu nak panggil apa dah dengan what's currently happening dekat Palestine tu. They are being annihilated day byâ€¦,,5090,0,0,0
"{'urls': [{'start': 56, 'end': 79, 'url': 'https://t.co/WSEwGwBwQn', 'expanded_url': 'https://x.com/jacksonhinklle/status/1909380676215841208/video/1', 'display_url': 'pic.x.com/WSEwGwBwQn', 'media_key': '7_1909376294581583872'}], 'mentions': [{'start': 3, 'end': 18, 'username': 'jacksonhinklle', 'id': '1151913018936053760'}], 'annotations': [{'start': 25, 'end': 31, 'probability': 0.6497, 'type': 'Person', 'normalized_text': 'MOROCCO'}]}",2025-04-08T03:44:58.000Z,1909452381051322435,857448772359659522,en,['1909452381051322435'],RT @jacksonhinklle: ğŸ‡µğŸ‡¸ğŸ‡²ğŸ‡¦ MOROCCO STANDS WITH PALESTINE! https://t.co/WSEwGwBwQn,,214,0,0,0
"{'mentions': [{'start': 3, 'end': 13, 'username': 'Kahlissee', 'id': '848279118'}], 'annotations': [{'start': 36, 'end': 48, 'probability': 0.9794, 'type': 'Person', 'normalized_text': 'Ahmed Mansour'}, {'start': 72, 'end': 80, 'probability': 0.7924, 'type': 'Place', 'normalized_text': 'Palestine'}]}",2025-04-08T03:44:58.000Z,1909452380552233395,1231954095403098113,en,['1909452380552233395'],"RT @Kahlissee: BREAKING: Journalist Ahmed Mansour, a correspondent for â€œPalestine Todayâ€ has succumbed to his wounds and died just momentsâ€¦","[{'domain': {'id': '131', 'name': 'Unified Twitter Taxonomy', 'description': 'A taxonomy of user interests. '}, 'entity': {'id': '1046545033657081857', 'name': 'News', 'description': 'News'}}, {'domain': {'id': '131', 'name': 'Unified Twitter Taxonomy', 'description': 'A taxonomy of user interests. '}, 'entity': {'id': '1074755369530880001', 'name': 'Journalists', 'description': 'Journalism'}}]",535,0,0,0
"{'mentions': [{'start': 0, 'end': 11, 'username': 'yousef_ki1', 'id': '775714779830902784'}], 'annotations': [{'start': 12, 'end': 20, 'probability': 0.8379, 'type': 'Place', 'normalized_text': 'Palestine'}]}",2025-04-08T03:44:57.000Z,1909452380157919650,1409529115980427265,en,['1909452380157919650'],@yousef_ki1 Palestine will be freeğŸ‡µğŸ‡¸ğŸ‡µğŸ‡¸âœŒ,,0,0,0,0
"{'urls': [{'start': 76, 'end': 99, 'url': 'https://t.co/f5ZLzgkQxv', 'expanded_url': 'https://x.com/nadaa01012/status/1909298974554472928/photo/1', 'display_url': 'pic.x.com/f5ZLzgkQxv', 'media_key': '3_1909298960189067264'}], 'mentions': [{'start': 3, 'end': 14, 'username': 'nadaa01012', 'id': '1720580951233667072'}]}",2025-04-08T03:44:55.000Z,1909452371274375241,1340022965715542016,en,['1909452371274375241'],"RT @nadaa01012: Can we get 3,000 people to reply with
â€œFREE PALESTINEâ€? ğŸ‡µğŸ‡¸ğŸ‰ https://t.co/f5ZLzgkQxv",,171,0,0,0
"{'urls': [{'start': 61, 'end': 84, 'url': 'https://t.co/VEaVpKslnW', 'expanded_url': 'https://x.com/pslnational/status/1908600079667069245/video/1', 'display_url': 'pic.x.com/VEaVpKslnW', 'media_key': '13_1908599703186329601'}], 'mentions': [{'start': 3, 'end': 13, 'username': 'Kahlissee', 'id': '848279118'}], 'annotations': [{'start': 50, 'end': 58, 'probability': 0.9467, 'type': 'Place', 'normalized_text': 'Palestine'}]}",2025-04-08T03:44:55.000Z,1909452370763038982,1658040828538011650,en,['1909452370763038982'],RT @Kahlissee: ğŸ‡ºğŸ‡¸ Indigenous Americans stand with Palestine: https://t.co/VEaVpKslnW,"[{'domain': {'id': '46', 'name': 'Business Taxonomy', 'description': 'Categories within Brand Verticals that narrow down the scope of Brands'}, 'entity': {'id': '1557696940178935808', 'name': 'Gaming Business', 'description': 'Brands, companies, advertisers and every non-person handle with the profit intent related to offline and online games such as gaming consoles, tabletop games, video game publishers'}}]",3884,0,0,0
"{'hashtags': [{'start': 111, 'end': 125, 'tag': 'freepalestine'}, {'start': 126, 'end': 139, 'tag': 'stopgenocide'}], 'mentions': [{'start': 3, 'end': 11, 'username': 'lolclob', 'id': '2830028418'}], 'annotations': [{'start': 13, 'end': 17, 'probability': 0.3904, 'type': 'Place', 'normalized_text': 'åŸçˆ†ãƒ‰ãƒ¼ãƒ '}]}",2025-04-08T03:44:55.000Z,1909452368586121340,1414106341623271424,ja,['1909452368586121340'],"RT @lolclob: åŸçˆ†ãƒ‰ãƒ¼ãƒ ã«å‘ã‹ã†é€”ä¸­ã®é“ã§ãƒ‘ãƒ¬ã‚¹ãƒãƒŠäººã®ã²ã¨ãŸã¡ã¨å‡ºä¼šã£ãŸï¼
åŸçˆ†ãƒ‰ãƒ¼ãƒ å‰ã§ä¿ºãŸã¡ã¯ãƒ‘ãƒ¬ã‚¹ãƒãƒŠè§£æ”¾ã‚’è¨´ãˆã¦ã‚‹ï¼ã¨ä¼ãˆã¦ä¸€ç·’ã«åŸçˆ†ãƒ‰ãƒ¼ãƒ å‰ã¸ï¼FREE PALESTINEï¼ä»Šã™ãè§£æ”¾ï¼ã¨è¨´ãˆãŸï¼
#freepalestine #stopgenocideâ€¦","[{'domain': {'id': '69', 'name': 'News Vertical', 'description': 'News Categories like Entertainment or Technology'}, 'entity': {'id': '840159122012102656', 'name': 'Political News', 'description': 'Political News'}}]",334,0,0,0
"{'urls': [{'start': 57, 'end': 80, 'url': 'https://t.co/csyv6DuAng', 'expanded_url': 'https://x.com/Mo7ammed_jawad6/status/1908926644460347470/video/1', 'display_url': 'pic.x.com/csyv6DuAng', 'media_key': '13_1908925337745965056'}, {'start': 57, 'end': 80, 'url': 'https://t.co/csyv6DuAng', 'expanded_url': 'https://x.com/Mo7ammed_jawad6/status/1908926644460347470/video/1', 'display_url': 'pic.x.com/csyv6DuAng', 'media_key': '3_1908922554955206656'}], 'mentions': [{'start': 3, 'end': 19, 'username': 'Mo7ammed_jawad6', 'id': '841771269087473665'}]}",2025-04-08T03:44:54.000Z,1909452364945248312,4748104767,en,['1909452364945248312'],"RT @Mo7ammed_jawad6: We are alive ğŸ¤ğŸ™

Free PalestineğŸ‡µğŸ‡¸ğŸ‡µğŸ‡¸ https://t.co/csyv6DuAng",,4553,0,0,0
"{'mentions': [{'start': 3, 'end': 14, 'username': 'Pal_action', 'id': '1288252277187371012'}], 'annotations': [{'start': 26, 'end': 34, 'probability': 0.6818, 'type': 'Place', 'normalized_text': 'Palestine'}, {'start': 54, 'end': 63, 'probability': 0.3855, 'type': 'Place', 'normalized_text': 'Glenrothes'}, {'start': 75, 'end': 93, 'probability': 0.5938, 'type': 'Organization', 'normalized_text': 'Scottish Enterprise'}]}",2025-04-08T03:44:54.000Z,1909452364458647941,946735110,en,['1909452364458647941'],"RT @Pal_action: BREAKING: Palestine Action target the Glenrothes office of Scottish Enterprise. 

The government body funds Israeli weaponrâ€¦","[{'domain': {'id': '69', 'name': 'News Vertical', 'description': 'News Categories like Entertainment or Technology'}, 'entity': {'id': '840159122012102656', 'name': 'Political News', 'description': 'Political News'}}]",564,0,0,0
"{'urls': [{'start': 109, 'end': 132, 'url': 'https://t.co/VlwpTmAgNY', 'expanded_url': 'https://x.com/aldamu_jo/status/1908475900775014878/video/1', 'display_url': 'pic.x.com/VlwpTmAgNY', 'media_key': '7_1908473971055480832'}], 'mentions': [{'start': 3, 'end': 13, 'username': 'aldamu_jo', 'id': '1168233995945033728'}], 'annotations': [{'start': 42, 'end': 50, 'probability': 0.895, 'type': 'Place', 'normalized_text': 'Palestine'}]}",2025-04-08T03:44:53.000Z,1909452361895919741,975004807227498500,en,['1909452361895919741'],"RT @aldamu_jo: Remember her ?, Orphans in Palestine ğŸ‡µğŸ‡¸  the older sister takes care of the younger sister  . https://t.co/VlwpTmAgNY","[{'domain': {'id': '46', 'name': 'Business Taxonomy', 'description': 'Categories within Brand Verticals that narrow down the scope of Brands'}, 'entity': {'id': '1557696940178935808', 'name': 'Gaming Business', 'description': 'Brands, companies, advertisers and every non-person handle with the profit intent related to offline and online games such as gaming consoles, tabletop games, video game publishers'}}]",6892,0,0,0
"{'mentions': [{'start': 3, 'end': 13, 'username': 'aldamu_jo', 'id': '1168233995945033728'}], 'annotations': [{'start': 74, 'end': 79, 'probability': 0.9, 'type': 'Place', 'normalized_text': 'Sweden'}]}",2025-04-08T03:44:53.000Z,1909452361866920332,1050320977,en,['1909452361866920332'],"RT @aldamu_jo: This beautiful song was performed by a Palestinian band in Sweden. ğŸ‡µğŸ‡¸ ğŸ‡¸ğŸ‡ª

It has been composed in Arabic and Swedish languagâ€¦",,3307,0,0,0
"{'urls': [{'start': 56, 'end': 79, 'url': 'https://t.co/gfSXUSkjTc', 'expanded_url': 'https://x.com/jacksonhinklle/status/1909418416269631504/video/1', 'display_url': 'pic.x.com/gfSXUSkjTc', 'media_key': '7_1909377945354813441'}], 'mentions': [{'start': 3, 'end': 18, 'username': 'jacksonhinklle', 'id': '1151913018936053760'}]}",2025-04-08T03:44:53.000Z,1909452361589727578,193861762,en,['1909452361589727578'],RT @jacksonhinklle: ğŸ‡µğŸ‡¸ THE WORLD STANDS WITH PALESTINE! https://t.co/gfSXUSkjTc,,232,0,0,0
"{'urls': [{'start': 56, 'end': 79, 'url': 'https://t.co/vnkTeCqLPu', 'expanded_url': 'https://x.com/jacksonhinklle/status/1908859738030563654/video/1', 'display_url': 'pic.x.com/vnkTeCqLPu', 'media_key': '7_1908840437441249281'}], 'mentions': [{'start': 3, 'end': 18, 'username': 'jacksonhinklle', 'id': '1151913018936053760'}], 'annotations': [{'start': 27, 'end': 31, 'probability': 0.6322, 'type': 'Person', 'normalized_text': 'TEXAS'}]}",2025-04-08T03:44:50.000Z,1909452350462312742,1130822204260847616,en,['1909452350462312742'],RT @jacksonhinklle: ğŸ©·ğŸ‡µğŸ‡¸ ğŸ‡ºğŸ‡¸ TEXAS STANDS WITH PALESTINE! https://t.co/vnkTeCqLPu,"[{'domain': {'id': '159', 'name': 'States', 'description': 'States, provinces, or prefectures, like California or Fukushima Prefecture'}, 'entity': {'id': '855432197297192961', 'name': 'Texas', 'description': 'Texas'}}]",8519,0,0,0
"{'hashtags': [{'start': 226, 'end': 244, 'tag': 'gazaTheNexRiviara'}], 'mentions': [{'start': 181, 'end': 197, 'username': 'realDonaldTrump', 'id': '25073877'}], 'annotations': [{'start': 216, 'end': 224, 'probability': 0.8538, 'type': 'Place', 'normalized_text': 'Palestine'}]}",2025-04-08T03:44:50.000Z,1909452349619216428,467940385,en,['1909452349619216428'],"Why do deranged, violent, backward, raciest Democrats always do selfyVids from their cars? Feels gay.

Film videos of your self's performing ""self  emulation"" while screaming about @realDonaldTrump , the weather, or Palestine #gazaTheNexRiviara

Way more interesting","[{'domain': {'id': '10', 'name': 'Person', 'description': 'Named people in the world like Nelson Mandela'}, 'entity': {'id': '799022225751871488', 'name': 'Donald Trump', 'description': '45th US President, Donald Trump'}}, {'domain': {'id': '29', 'name': 'Events [Entity Service]', 'description': 'Real world events. '}, 'entity': {'id': '1665772587467653121', 'name': '2024 US Presidential Election', 'description': '2024 US Presidential Election'}}, {'domain': {'id': '35', 'name': 'Politician', 'description': 'Politicians in the world, like Joe Biden'}, 'entity': {'id': '799022225751871488', 'name': 'Donald Trump', 'description': '45th US President, Donald Trump'}}, {'domain': {'id': '46', 'name': 'Business Taxonomy', 'description': 'Categories within Brand Verticals that narrow down the scope of Brands'}, 'entity': {'id': '1557696420500541440', 'name': 'Automotive, Aircraft & Boat Business', 'description': 'Brands, companies, advertisers and every non-person handle with the profit intent related to automobile, spacecraft, aircraft and boat manufacturing'}}, {'domain': {'id': '131', 'name': 'Unified Twitter Taxonomy', 'description': 'A taxonomy of user interests. '}, 'entity': {'id': '799022225751871488', 'name': 'Donald Trump', 'description': '45th US President, Donald Trump'}}, {'domain': {'id': '131', 'name': 'Unified Twitter Taxonomy', 'description': 'A taxonomy of user interests. '}, 'entity': {'id': '847878884917886977', 'name': 'Politics', 'description': 'Politics'}}, {'domain': {'id': '131', 'name': 'Unified Twitter Taxonomy', 'description': 'A taxonomy of user interests. '}, 'entity': {'id': '1070032753834438656', 'name': 'Political figures', 'description': 'Politician'}}, {'domain': {'id': '131', 'name': 'Unified Twitter Taxonomy', 'description': 'A taxonomy of user interests. '}, 'entity': {'id': '1291447199595782144', 'name': 'United States politics'}}, {'domain': {'id': '131', 'name': 'Unified Twitter Taxonomy', 'description': 'A taxonomy of user interests. '}, 'entity': {'id': '1665772587467653121', 'name': '2024 US Presidential Election', 'description': '2024 US Presidential Election'}}]",0,0,0,0
"{'mentions': [{'start': 3, 'end': 14, 'username': 'IAJT1210_2', 'id': '1004427740341293056'}], 'annotations': [{'start': 81, 'end': 89, 'probability': 0.921, 'type': 'Place', 'normalized_text': 'Palestine'}, {'start': 124, 'end': 129, 'probability': 0.9653, 'type': 'Place', 'normalized_text': 'London'}]}",2025-04-08T03:44:50.000Z,1909452348306461057,1239059544317321221,en,['1909452348306461057'],RT @IAJT1210_2: The woman that has been showing throat-slitting gestures towards Palestine supporters at a demonstration in London has beenâ€¦,"[{'domain': {'id': '156', 'name': 'Cities', 'description': 'Cities around the world'}, 'entity': {'id': '855412191050121217', 'name': 'London', 'description': 'london'}}]",7454,0,0,0
"{'urls': [{'start': 108, 'end': 131, 'url': 'https://t.co/X06IuBgLFW', 'expanded_url': 'https://x.com/n_rose77/status/1908945857766150507/photo/1', 'display_url': 'pic.x.com/X06IuBgLFW', 'media_key': '3_1908945850925256704'}], 'hashtags': [{'start': 65, 'end': 79, 'tag': 'FreePalestine'}, {'start': 80, 'end': 94, 'tag': 'SavePalestine'}, {'start': 95, 'end': 104, 'tag': 'SaveGaza'}], 'mentions': [{'start': 3, 'end': 12, 'username': 'n_rose77', 'id': '1588121353441316864'}], 'annotations': [{'start': 66, 'end': 78, 'probability': 0.4395, 'type': 'Person', 'normalized_text': 'FreePalestine'}, {'start': 81, 'end': 93, 'probability': 0.334, 'type': 'Other', 'normalized_text': 'SavePalestine'}, {'start': 96, 'end': 103, 'probability': 0.5341, 'type': 'Other', 'normalized_text': 'SaveGaza'}]}",2025-04-08T03:44:50.000Z,1909452347526594570,324161457,en,['1909452347526594570'],RT @n_rose77: FROM THE RIVER TO THE SEA PALESTINE WILL BE FREEâœŠğŸ¼ #FreePalestine #SavePalestine #SaveGaza ğŸ‡µğŸ‡¸ https://t.co/X06IuBgLFW,"[{'domain': {'id': '69', 'name': 'News Vertical', 'description': 'News Categories like Entertainment or Technology'}, 'entity': {'id': '840159122012102656', 'name': 'Political News', 'description': 'Political News'}}]",127,0,0,0
"{'urls': [{'start': 57, 'end': 80, 'url': 'https://t.co/csyv6DuAng', 'expanded_url': 'https://x.com/Mo7ammed_jawad6/status/1908926644460347470/video/1', 'display_url': 'pic.x.com/csyv6DuAng', 'media_key': '13_1908925337745965056'}, {'start': 57, 'end': 80, 'url': 'https://t.co/csyv6DuAng', 'expanded_url': 'https://x.com/Mo7ammed_jawad6/status/1908926644460347470/video/1', 'display_url': 'pic.x.com/csyv6DuAng', 'media_key': '3_1908922554955206656'}], 'mentions': [{'start': 3, 'end': 19, 'username': 'Mo7ammed_jawad6', 'id': '841771269087473665'}]}",2025-04-08T03:44:50.000Z,1909452347287519400,1298492880621719552,en,['1909452347287519400'],"RT @Mo7ammed_jawad6: We are alive ğŸ¤ğŸ™

Free PalestineğŸ‡µğŸ‡¸ğŸ‡µğŸ‡¸ https://t.co/csyv6DuAng",,4553,0,0,0
"{'mentions': [{'start': 0, 'end': 14, 'username': 'shadowed_news', 'id': '1694241748946710528'}], 'annotations': [{'start': 15, 'end': 23, 'probability': 0.6743, 'type': 'Place', 'normalized_text': 'Palestine'}]}",2025-04-08T03:44:50.000Z,1909452346913943888,464409876,en,['1909452346913943888'],@shadowed_news Palestine flag is a symbol of shame for Arab nations,,0,0,0,0
"{'mentions': [{'start': 3, 'end': 14, 'username': 'narakim019', 'id': '950175495940857857'}]}",2025-04-08T03:44:49.000Z,1909452346255634588,1428941594577674240,in,['1909452346255634588'],"RT @narakim019: Laa haula walaa quwata illa billah.... Israel biadab ... 
Ya Allah jadikan api yg membakar orang2 Palestina itu sedingin apâ€¦","[{'domain': {'id': '69', 'name': 'News Vertical', 'description': 'News Categories like Entertainment or Technology'}, 'entity': {'id': '840159122012102656', 'name': 'Political News', 'description': 'Political News'}}, {'domain': {'id': '131', 'name': 'Unified Twitter Taxonomy', 'description': 'A taxonomy of user interests. '}, 'entity': {'id': '1046545033657081857', 'name': 'News', 'description': 'News'}}, {'domain': {'id': '131', 'name': 'Unified Twitter Taxonomy', 'description': 'A taxonomy of user interests. '}, 'entity': {'id': '1074755369530880001', 'name': 'Journalists', 'description': 'Journalism'}}]",2,0,0,0
"{'mentions': [{'start': 3, 'end': 14, 'username': 'IAJT1210_2', 'id': '1004427740341293056'}], 'annotations': [{'start': 81, 'end': 89, 'probability': 0.921, 'type': 'Place', 'normalized_text': 'Palestine'}, {'start': 124, 'end': 129, 'probability': 0.9653, 'type': 'Place', 'normalized_text': 'London'}]}",2025-04-08T03:44:47.000Z,1909452335677317423,146605397,en,['1909452335677317423'],RT @IAJT1210_2: The woman that has been showing throat-slitting gestures towards Palestine supporters at a demonstration in London has beenâ€¦,"[{'domain': {'id': '156', 'name': 'Cities', 'description': 'Cities around the world'}, 'entity': {'id': '855412191050121217', 'name': 'London', 'description': 'london'}}]",7454,0,0,0
"{'urls': [{'start': 54, 'end': 77, 'url': 'https://t.co/EAkXNH53yk', 'expanded_url': 'https://x.com/aldamu_jo/status/1909129393139507301/video/1', 'display_url': 'pic.x.com/EAkXNH53yk', 'media_key': '7_1909128832105201664'}], 'mentions': [{'start': 3, 'end': 13, 'username': 'aldamu_jo', 'id': '1168233995945033728'}], 'annotations': [{'start': 15, 'end': 20, 'probability': 0.3604, 'type': 'Organization', 'normalized_text': 'Celtic'}, {'start': 41, 'end': 49, 'probability': 0.7855, 'type': 'Place', 'normalized_text': 'Palestine'}]}",2025-04-08T03:44:46.000Z,1909452330921058437,946735110,en,['1909452330921058437'],"RT @aldamu_jo: Celtic â˜˜ï¸Supporters, Free Palestine ğŸ‡µğŸ‡¸ https://t.co/EAkXNH53yk","[{'domain': {'id': '12', 'name': 'Sports Team', 'description': 'A sports team organization, like Arsenal and the Boston Celtics'}, 'entity': {'id': '731226212824023040', 'name': 'Celtic FC'}}, {'domain': {'id': '46', 'name': 'Business Taxonomy', 'description': 'Categories within Brand Verticals that narrow down the scope of Brands'}, 'entity': {'id': '1557696940178935808', 'name': 'Gaming Business', 'description': 'Brands, companies, advertisers and every non-person handle with the profit intent related to offline and online games such as gaming consoles, tabletop games, video game publishers'}}, {'domain': {'id': '46', 'name': 'Business Taxonomy', 'description': 'Categories within Brand Verticals that narrow down the scope of Brands'}, 'entity': {'id': '1557697289971322880', 'name': 'Sports & Fitness Business', 'description': 'Brands, companies, advertisers and every non-person handle with the profit intent related to sports nutrition, athletic apparel, sports apps, fitness venues'}}, {'domain': {'id': '131', 'name': 'Unified Twitter Taxonomy', 'description': 'A taxonomy of user interests. '}, 'entity': {'id': '731226212824023040', 'name': 'Celtic FC'}}, {'domain': {'id': '131', 'name': 'Unified Twitter Taxonomy', 'description': 'A taxonomy of user interests. '}, 'entity': {'id': '733756536430809088', 'name': 'Soccer'}}, {'domain': {'id': '131', 'name': 'Unified Twitter Taxonomy', 'description': 'A taxonomy of user interests. '}, 'entity': {'id': '847900493514891265', 'name': 'Sports', 'description': 'Sports'}}]",2099,0,0,0
"{'urls': [{'start': 124, 'end': 139, 'url': 'https://t.co/rp', 'display_url': 't.co/rp'}], 'mentions': [{'start': 3, 'end': 16, 'username': 'tontongenant', 'id': '1776145555296505856'}]}",2025-04-08T03:44:46.000Z,1909452330891633092,1357360681243271173,fr,['1909452330891633092'],RT @tontongenant: Tonton nous explique pourquoi il prÃ©fÃ¨re de parler d'Ubisoft plutÃ´t que des enfants bombardÃ© en Palestine https://t.co/rpâ€¦,"[{'domain': {'id': '45', 'name': 'Brand Vertical', 'description': 'Top level entities that describe a Brands industry'}, 'entity': {'id': '781974597310615553', 'name': 'Entertainment'}}, {'domain': {'id': '30', 'name': 'Entities [Entity Service]', 'description': 'Entity Service top level domain, every item that is in Entity Service should be in this domain'}, 'entity': {'id': '781974597218340864', 'name': 'Video Games - Entertainment'}}, {'domain': {'id': '46', 'name': 'Business Taxonomy', 'description': 'Categories within Brand Verticals that narrow down the scope of Brands'}, 'entity': {'id': '1557696940178935808', 'name': 'Gaming Business', 'description': 'Brands, companies, advertisers and every non-person handle with the profit intent related to offline and online games such as gaming consoles, tabletop games, video game publishers'}}, {'domain': {'id': '47', 'name': 'Brand', 'description': 'Brands and Companies'}, 'entity': {'id': '10026653538', 'name': 'Ubisoft'}}, {'domain': {'id': '78', 'name': 'Video Game Publisher', 'description': ""A Video Game Publisher like 'Activision'""}, 'entity': {'id': '10026653538', 'name': 'Ubisoft'}}, {'domain': {'id': '131', 'name': 'Unified Twitter Taxonomy', 'description': 'A taxonomy of user interests. '}, 'entity': {'id': '10026653538', 'name': 'Ubisoft'}}, {'domain': {'id': '131', 'name': 'Unified Twitter Taxonomy', 'description': 'A taxonomy of user interests. '}, 'entity': {'id': '847527650667094017', 'name': 'Gaming', 'description': 'Gaming'}}, {'domain': {'id': '131', 'name': 'Unified Twitter Taxonomy', 'description': 'A taxonomy of user interests. '}, 'entity': {'id': '1070028312276127746', 'name': 'Game development', 'description': 'Video Game Publisher'}}]",94,0,0,0
"{'urls': [{'start': 117, 'end': 140, 'url': 'https://t.co/9aPUzyqH1l', 'expanded_url': 'https://x.com/VHindus71/status/1909241916337905866/photo/1', 'display_url': 'pic.x.com/9aPUzyqH1l', 'media_key': '3_1909241908481933312'}], 'hashtags': [{'start': 106, 'end': 116, 'tag': 'LoveJihad'}], 'mentions': [{'start': 3, 'end': 13, 'username': 'VHindus71', 'id': '1317070547415572481'}], 'annotations': [{'start': 27, 'end': 34, 'probability': 0.4111, 'type': 'Other', 'normalized_text': 'Dhakaiya'}, {'start': 56, 'end': 64, 'probability': 0.8808, 'type': 'Person', 'normalized_text': 'Promi Das'}, {'start': 94, 'end': 102, 'probability': 0.7974, 'type': 'Place', 'normalized_text': 'Palestine'}, {'start': 107, 'end': 115, 'probability': 0.4371, 'type': 'Person', 'normalized_text': 'LoveJihad'}]}",2025-04-08T03:44:45.000Z,1909452329385971917,1040881382765912064,en,['1909452329385971917'],"RT @VHindus71: Here is the Dhakaiya secular Hindu girl, Promi Das. Thatâ€™s why she stands with Palestine. 
#LoveJihad https://t.co/9aPUzyqH1l",,431,0,0,0
"{'urls': [{'start': 61, 'end': 84, 'url': 'https://t.co/VEaVpKslnW', 'expanded_url': 'https://x.com/pslnational/status/1908600079667069245/video/1', 'display_url': 'pic.x.com/VEaVpKslnW', 'media_key': '13_1908599703186329601'}], 'mentions': [{'start': 3, 'end': 13, 'username': 'Kahlissee', 'id': '848279118'}], 'annotations': [{'start': 50, 'end': 58, 'probability': 0.9467, 'type': 'Place', 'normalized_text': 'Palestine'}]}",2025-04-08T03:44:45.000Z,1909452329104867584,2732667724,en,['1909452329104867584'],RT @Kahlissee: ğŸ‡ºğŸ‡¸ Indigenous Americans stand with Palestine: https://t.co/VEaVpKslnW,"[{'domain': {'id': '46', 'name': 'Business Taxonomy', 'description': 'Categories within Brand Verticals that narrow down the scope of Brands'}, 'entity': {'id': '1557696940178935808', 'name': 'Gaming Business', 'description': 'Brands, companies, advertisers and every non-person handle with the profit intent related to offline and online games such as gaming consoles, tabletop games, video game publishers'}}]",3884,0,0,0
"{'mentions': [{'start': 3, 'end': 13, 'username': 'aldamu_jo', 'id': '1168233995945033728'}], 'annotations': [{'start': 74, 'end': 79, 'probability': 0.9, 'type': 'Place', 'normalized_text': 'Sweden'}]}",2025-04-08T03:44:45.000Z,1909452328706752845,1567298265212944384,en,['1909452328706752845'],"RT @aldamu_jo: This beautiful song was performed by a Palestinian band in Sweden. ğŸ‡µğŸ‡¸ ğŸ‡¸ğŸ‡ª

It has been composed in Arabic and Swedish languagâ€¦",,3307,0,0,0
"{'mentions': [{'start': 3, 'end': 16, 'username': 'maqboozapaki', 'id': '1493107369231982594'}, {'start': 18, 'end': 23, 'username': 'grok', 'id': '1720665183188922368'}, {'start': 24, 'end': 35, 'username': 'pigsrace14', 'id': '1844690057359179782'}, {'start': 36, 'end': 45, 'username': 'PedraPaz', 'id': '719527544966541312'}, {'start': 46, 'end': 56, 'username': 'aljeiiiii', 'id': '414608245'}, {'start': 57, 'end': 69, 'username': 'propvstruth', 'id': '1719037989647523841'}, {'start': 70, 'end': 75, 'username': 'grok', 'id': '1720665183188922368'}]}",2025-04-08T03:44:45.000Z,1909452328476066028,131768844,en,['1909452328476066028'],RT @maqboozapaki: @grok @pigsrace14 @PedraPaz @aljeiiiii @propvstruth @grok is that correct that the British gave Palestinian territories aâ€¦,,2,0,0,0
"{'mentions': [{'start': 3, 'end': 14, 'username': 'holy_twig3', 'id': '1268893350880579591'}], 'annotations': [{'start': 56, 'end': 64, 'probability': 0.7001, 'type': 'Place', 'normalized_text': 'Palestine'}, {'start': 67, 'end': 70, 'probability': 0.5128, 'type': 'Organization', 'normalized_text': 'PFLP'}, {'start': 94, 'end': 102, 'probability': 0.8487, 'type': 'Place', 'normalized_text': 'Palestine'}, {'start': 125, 'end': 136, 'probability': 0.921, 'type': 'Person', 'normalized_text': 'Fares Khaled'}]}",2025-04-08T03:44:44.000Z,1909452325279658211,1123617311187963906,en,['1909452325279658211'],"RT @holy_twig3: The Popular Front for the Liberation of Palestine (PFLP) mourns the martyr of Palestine and the Arab nation, Fares Khaled,â€¦",,32,0,0,0
"{'urls': [{'start': 126, 'end': 139, 'url': 'https://t.co/', 'display_url': 't.co'}], 'mentions': [{'start': 3, 'end': 13, 'username': 'aldamu_jo', 'id': '1168233995945033728'}], 'annotations': [{'start': 35, 'end': 51, 'probability': 0.9756, 'type': 'Person', 'normalized_text': 'Cristiano Ronaldo'}, {'start': 113, 'end': 121, 'probability': 0.8746, 'type': 'Place', 'normalized_text': 'Palestine'}]}",2025-04-08T03:44:44.000Z,1909452321676730684,1732506792016400384,en,['1909452321676730684'],"RT @aldamu_jo: Resistance dance. 

Cristiano Ronaldo always with the oppressed, never with the oppressors.

Free Palestine ğŸ‡µğŸ‡¸ https://t.co/â€¦","[{'domain': {'id': '10', 'name': 'Person', 'description': 'Named people in the world like Nelson Mandela'}, 'entity': {'id': '733774146434269186', 'name': 'Cristiano Ronaldo'}}, {'domain': {'id': '46', 'name': 'Business Taxonomy', 'description': 'Categories within Brand Verticals that narrow down the scope of Brands'}, 'entity': {'id': '1557697289971322880', 'name': 'Sports & Fitness Business', 'description': 'Brands, companies, advertisers and every non-person handle with the profit intent related to sports nutrition, athletic apparel, sports apps, fitness venues'}}, {'domain': {'id': '60', 'name': 'Athlete', 'description': 'An athlete in the world, like Serena Williams or Lionel Messi'}, 'entity': {'id': '733774146434269186', 'name': 'Cristiano Ronaldo'}}, {'domain': {'id': '131', 'name': 'Unified Twitter Taxonomy', 'description': 'A taxonomy of user interests. '}, 'entity': {'id': '733756536430809088', 'name': 'Soccer'}}, {'domain': {'id': '131', 'name': 'Unified Twitter Taxonomy', 'description': 'A taxonomy of user interests. '}, 'entity': {'id': '733774146434269186', 'name': 'Cristiano Ronaldo'}}, {'domain': {'id': '131', 'name': 'Unified Twitter Taxonomy', 'description': 'A taxonomy of user interests. '}, 'entity': {'id': '847900493514891265', 'name': 'Sports', 'description': 'Sports'}}]",650,0,0,0
"{'mentions': [{'start': 0, 'end': 16, 'username': 'Hamzasharif5750', 'id': '1804038625149005824'}]}",2025-04-08T03:44:43.000Z,1909452321345749157,1905591531912003587,et,['1909452321345749157'],@Hamzasharif5750 Free PalestineğŸ‡µğŸ‡¸,,0,0,0,0
"{'urls': [{'start': 79, 'end': 102, 'url': 'https://t.co/iZnnVSK7mD', 'expanded_url': 'https://x.com/nadaa01012/status/1908979231494910040/photo/1', 'display_url': 'pic.x.com/iZnnVSK7mD', 'media_key': '3_1908979228621545472'}], 'mentions': [{'start': 3, 'end': 14, 'username': 'nadaa01012', 'id': '1720580951233667072'}], 'annotations': [{'start': 64, 'end': 72, 'probability': 0.6523, 'type': 'Other', 'normalized_text': 'PALESTINE'}]}",2025-04-08T03:44:43.000Z,1909452318199656450,1632282617100881920,en,['1909452318199656450'],"RT @nadaa01012: Can we get 3,000 people to comment with 
"" FREE PALESTINE "" ğŸ‡µğŸ‡¸ https://t.co/iZnnVSK7mD",,252,0,0,0
"{'urls': [{'start': 269, 'end': 292, 'url': 'https://t.co/Yqwe9UJgKA', 'expanded_url': 'https://x.com/foxfire117/status/1909452313183334553/photo/1', 'display_url': 'pic.x.com/Yqwe9UJgKA', 'media_key': '3_1909446957484908544'}, {'start': 269, 'end': 292, 'url': 'https://t.co/Yqwe9UJgKA', 'expanded_url': 'https://x.com/foxfire117/status/1909452313183334553/photo/1', 'display_url': 'pic.x.com/Yqwe9UJgKA', 'media_key': '3_1909449982911893504'}], 'mentions': [{'start': 0, 'end': 11, 'username': 'WhiteHouse', 'id': '1879644163769335808'}], 'annotations': [{'start': 12, 'end': 17, 'probability': 0.9572, 'type': 'Place', 'normalized_text': 'Israel'}, {'start': 42, 'end': 50, 'probability': 0.9656, 'type': 'Place', 'normalized_text': 'Palestine'}, {'start': 75, 'end': 81, 'probability': 0.9413, 'type': 'Person', 'normalized_text': 'Abraham'}, {'start': 102, 'end': 107, 'probability': 0.9485, 'type': 'Place', 'normalized_text': 'Israel'}, {'start': 127, 'end': 135, 'probability': 0.87, 'type': 'Place', 'normalized_text': 'Palestine'}, {'start': 179, 'end': 204, 'probability': 0.6384, 'type': 'Organization', 'normalized_text': 'World Zionist Organization'}]}",2025-04-08T03:44:42.000Z,1909452313183334553,1300597119674281987,en,['1909452313183334553'],"@WhiteHouse Israel never gave the land to Palestine they were there before Abraham came to that area, Israel has be taking the Palestine land piece by piece since  1948. when the World Zionist Organization, made the declaration of the establishment of the Jewish State https://t.co/Yqwe9UJgKA","[{'domain': {'id': '69', 'name': 'News Vertical', 'description': 'News Categories like Entertainment or Technology'}, 'entity': {'id': '840159122012102656', 'name': 'Political News', 'description': 'Political News'}}, {'domain': {'id': '88', 'name': 'Political Body', 'description': 'A section of a government, like The Supreme Court'}, 'entity': {'id': '871795678447456256', 'name': 'The White House', 'description': 'Conversation from and about the White House, both as a destination and as political voice'}}, {'domain': {'id': '131', 'name': 'Unified Twitter Taxonomy', 'description': 'A taxonomy of user interests. '}, 'entity': {'id': '847878884917886977', 'name': 'Politics', 'description': 'Politics'}}, {'domain': {'id': '131', 'name': 'Unified Twitter Taxonomy', 'description': 'A taxonomy of user interests. '}, 'entity': {'id': '871795678447456256', 'name': 'The White House', 'description': 'Conversation from and about the White House, both as a destination and as political voice'}}, {'domain': {'id': '131', 'name': 'Unified Twitter Taxonomy', 'description': 'A taxonomy of user interests. '}, 'entity': {'id': '1068583660914266113', 'name': 'Government institutions', 'description': 'Political Body'}}]",0,0,0,0
"{'urls': [{'start': 161, 'end': 184, 'url': 'https://t.co/wnJqo0mJJn', 'expanded_url': 'https://twitter.com/PreciousXUnity/status/1909449154268742095', 'display_url': 'x.com/PreciousXUnityâ€¦'}], 'hashtags': [{'start': 9, 'end': 18, 'tag': 'GENOCIDE'}, {'start': 22, 'end': 32, 'tag': 'PALESTINE'}, {'start': 33, 'end': 38, 'tag': 'GAZA'}, {'start': 45, 'end': 54, 'tag': 'WESTBANK'}, {'start': 55, 'end': 65, 'tag': 'PALESTINE'}, {'start': 148, 'end': 160, 'tag': 'STRIKE4GAZA'}], 'annotations': [{'start': 23, 'end': 31, 'probability': 0.3662, 'type': 'Other', 'normalized_text': 'PALESTINE'}, {'start': 34, 'end': 37, 'probability': 0.4494, 'type': 'Other', 'normalized_text': 'GAZA'}, {'start': 46, 'end': 53, 'probability': 0.4864, 'type': 'Other', 'normalized_text': 'WESTBANK'}, {'start': 56, 'end': 64, 'probability': 0.3762, 'type': 'Person', 'normalized_text': 'PALESTINE'}, {'start': 149, 'end': 159, 'probability': 0.6543, 'type': 'Person', 'normalized_text': 'STRIKE4GAZA'}]}",2025-04-08T03:44:41.000Z,1909452310679257196,43455121,en,['1909452310679257196'],"STOP THE #GENOCIDE IN #PALESTINE #GAZA &amp; #WESTBANK #PALESTINE 

WE FIRST NATION TRIBES STAND ONE HAND WITH THEM BECAUSE WE KNOW THE STRUGGLE. 

#STRIKE4GAZA https://t.co/wnJqo0mJJn",,0,0,0,0
"{'mentions': [{'start': 3, 'end': 18, 'username': 'HuntersOfNazis', 'id': '1784121343631351808'}], 'annotations': [{'start': 56, 'end': 68, 'probability': 0.8445, 'type': 'Person', 'normalized_text': 'Ahmed Mansour'}, {'start': 74, 'end': 80, 'probability': 0.5424, 'type': 'Person', 'normalized_text': 'Mansour'}, {'start': 119, 'end': 127, 'probability': 0.4647, 'type': 'Place', 'normalized_text': 'Palestine'}]}",2025-04-08T03:44:40.000Z,1909452306841555265,1729576786621566976,en,['1909452306841555265'],"RT @HuntersOfNazis: Eliminated: Islamic Jihad terrorist Ahmed Mansour âŒï¸

Mansour was working as 'journalist' for the ""Palestine Today"" netâ€¦","[{'domain': {'id': '131', 'name': 'Unified Twitter Taxonomy', 'description': 'A taxonomy of user interests. '}, 'entity': {'id': '847543836330958848', 'name': 'Global security & terrorism', 'description': 'Global conversation about threats of terrorism, response of governments, and national security  '}}, {'domain': {'id': '131', 'name': 'Unified Twitter Taxonomy', 'description': 'A taxonomy of user interests. '}, 'entity': {'id': '847878884917886977', 'name': 'Politics', 'description': 'Politics'}}, {'domain': {'id': '131', 'name': 'Unified Twitter Taxonomy', 'description': 'A taxonomy of user interests. '}, 'entity': {'id': '900740740468191232', 'name': 'Political issues', 'description': 'Political issues'}}, {'domain': {'id': '131', 'name': 'Unified Twitter Taxonomy', 'description': 'A taxonomy of user interests. '}, 'entity': {'id': '1046545033657081857', 'name': 'News', 'description': 'News'}}, {'domain': {'id': '131', 'name': 'Unified Twitter Taxonomy', 'description': 'A taxonomy of user interests. '}, 'entity': {'id': '1074755369530880001', 'name': 'Journalists', 'description': 'Journalism'}}]",234,0,0,0
"{'mentions': [{'start': 3, 'end': 11, 'username': 'IlmFeed', 'id': '2356931412'}], 'annotations': [{'start': 24, 'end': 33, 'probability': 0.9705, 'type': 'Place', 'normalized_text': 'Bangladesh'}, {'start': 56, 'end': 86, 'probability': 0.8155, 'type': 'Place', 'normalized_text': 'Baitul Mukarram National Mosque'}, {'start': 91, 'end': 95, 'probability': 0.9774, 'type': 'Place', 'normalized_text': 'Dhaka'}, {'start': 127, 'end': 135, 'probability': 0.931, 'type': 'Place', 'normalized_text': 'Palestine'}]}",2025-04-08T03:44:39.000Z,1909452304476258738,1213476029966077958,en,['1909452304476258738'],RT @IlmFeed: Muslims in Bangladesh gathered outside the Baitul Mukarram National Mosque in Dhaka to call for the liberation of Palestine ğŸ‡µğŸ‡¸â€¦,,262,0,0,0
"{'mentions': [{'start': 3, 'end': 16, 'username': 'Millat_Times', 'id': '4854443925'}]}",2025-04-08T03:44:39.000Z,1909452301086978416,1273040455052046336,hi,['1909452301086978416'],"RT @Millat_Times: à¤Ÿà¥à¤°à¤®à¥à¤ª à¤ªà¥à¤°à¤¶à¤¾à¤¸à¤¨ à¤•à¥‡ à¤«à¤¼à¤¿à¤²à¤¿à¤¸à¥à¤¤à¥€à¤¨ à¤µà¤¿à¤°à¥‹à¤§à¥€ à¤…à¤­à¤¿à¤¯à¤¾à¤¨ à¤•à¥‡ à¤¬à¤¾à¤µà¤œà¥‚à¤¦, à¤…à¤®à¥‡à¤°à¤¿à¤•à¥€ à¤°à¤¾à¤œà¤§à¤¾à¤¨à¥€ à¤®à¥‡à¤‚ à¤«à¤¼à¤¿à¤²à¤¿à¤¸à¥à¤¤à¥€à¤¨à¥€ à¤¸à¤®à¤°à¥à¤¥à¤•à¥‹à¤‚ à¤•à¤¾ à¤¬à¤¡à¤¼à¤¾ à¤ªà¥à¤°à¤¦à¤°à¥à¤¶à¤¨ #ghaza_geâ€¦",,490,0,0,0
"{'urls': [{'start': 88, 'end': 111, 'url': 'https://t.co/8Y1cxXUuJ4', 'expanded_url': 'https://x.com/aldamu_jo/status/1909298356196606011/video/1', 'display_url': 'pic.x.com/8Y1cxXUuJ4', 'media_key': '7_1909298280950812672'}], 'mentions': [{'start': 3, 'end': 13, 'username': 'aldamu_jo', 'id': '1168233995945033728'}], 'annotations': [{'start': 40, 'end': 46, 'probability': 0.8846, 'type': 'Place', 'normalized_text': 'America'}, {'start': 75, 'end': 83, 'probability': 0.9423, 'type': 'Place', 'normalized_text': 'Palestine'}]}",2025-04-08T03:44:38.000Z,1909452298985914500,1733015303448305665,en,['1909452298985914500'],RT @aldamu_jo: indigenous population of America stands in solidarity  with Palestine ğŸ‡µğŸ‡¸ https://t.co/8Y1cxXUuJ4,,1168,0,0,0
"{'mentions': [{'start': 3, 'end': 17, 'username': 'ardisatriawan', 'id': '170542374'}]}",2025-04-08T03:44:38.000Z,1909452298692313263,1035901660982177792,in,['1909452298692313263'],"RT @ardisatriawan: Lah, jangan salah.

Orang Korea ngadain demo Free Palestine, setiap weekend.

Tanpa terlewat sekalipun sejak 7 Oktober.â€¦",,4748,0,0,0
"{'mentions': [{'start': 0, 'end': 11, 'username': 'drBernheim', 'id': '1905331237574639616'}, {'start': 12, 'end': 19, 'username': 'caitoz', 'id': '19899980'}], 'annotations': [{'start': 163, 'end': 171, 'probability': 0.8812, 'type': 'Place', 'normalized_text': 'Palestine'}]}",2025-04-08T03:44:38.000Z,1909452298243256406,1679852172,en,['1909452298243256406'],"@drBernheim @caitoz Yeah, I've heard about this.

The ridiculous belief that because you may have had an unknown, unnamed, possibly mythical ancestor who lived in Palestine 60 generations ago that it now gives you the right today to colonise the land by right of birth, no matter where that was.",,0,0,0,0
"{'urls': [{'start': 51, 'end': 74, 'url': 'https://t.co/zWNtu4slU7', 'expanded_url': 'https://x.com/jacksonhinklle/status/1909425970098192692/video/1', 'display_url': 'pic.x.com/zWNtu4slU7', 'media_key': '7_1909378130411769856'}], 'mentions': [{'start': 3, 'end': 18, 'username': 'jacksonhinklle', 'id': '1151913018936053760'}], 'annotations': [{'start': 23, 'end': 30, 'probability': 0.5559, 'type': 'Other', 'normalized_text': 'HUMANITY'}]}",2025-04-08T03:44:37.000Z,1909452293637800406,1636097779540848640,en,['1909452293637800406'],RT @jacksonhinklle: ğŸ‡µğŸ‡¸ HUMANITY IS WITH PALESTINE! https://t.co/zWNtu4slU7,,109,0,0,0
"{'urls': [{'start': 56, 'end': 79, 'url': 'https://t.co/gfSXUSkjTc', 'expanded_url': 'https://x.com/jacksonhinklle/status/1909418416269631504/video/1', 'display_url': 'pic.x.com/gfSXUSkjTc', 'media_key': '7_1909377945354813441'}], 'mentions': [{'start': 3, 'end': 18, 'username': 'jacksonhinklle', 'id': '1151913018936053760'}]}",2025-04-08T03:44:36.000Z,1909452290605404559,1713903085792489472,en,['1909452290605404559'],RT @jacksonhinklle: ğŸ‡µğŸ‡¸ THE WORLD STANDS WITH PALESTINE! https://t.co/gfSXUSkjTc,,232,0,0,0
"{'urls': [{'start': 56, 'end': 79, 'url': 'https://t.co/gfSXUSkjTc', 'expanded_url': 'https://x.com/jacksonhinklle/status/1909418416269631504/video/1', 'display_url': 'pic.x.com/gfSXUSkjTc', 'media_key': '7_1909377945354813441'}], 'mentions': [{'start': 3, 'end': 18, 'username': 'jacksonhinklle', 'id': '1151913018936053760'}]}",2025-04-08T03:44:36.000Z,1909452288978047402,1714117317880131585,en,['1909452288978047402'],RT @jacksonhinklle: ğŸ‡µğŸ‡¸ THE WORLD STANDS WITH PALESTINE! https://t.co/gfSXUSkjTc,,232,0,0,0
"{'mentions': [{'start': 3, 'end': 13, 'username': 'Kahlissee', 'id': '848279118'}], 'annotations': [{'start': 36, 'end': 48, 'probability': 0.9794, 'type': 'Person', 'normalized_text': 'Ahmed Mansour'}, {'start': 72, 'end': 80, 'probability': 0.7924, 'type': 'Place', 'normalized_text': 'Palestine'}]}",2025-04-08T03:44:36.000Z,1909452288835338543,62660612,en,['1909452288835338543'],"RT @Kahlissee: BREAKING: Journalist Ahmed Mansour, a correspondent for â€œPalestine Todayâ€ has succumbed to his wounds and died just momentsâ€¦","[{'domain': {'id': '131', 'name': 'Unified Twitter Taxonomy', 'description': 'A taxonomy of user interests. '}, 'entity': {'id': '1046545033657081857', 'name': 'News', 'description': 'News'}}, {'domain': {'id': '131', 'name': 'Unified Twitter Taxonomy', 'description': 'A taxonomy of user interests. '}, 'entity': {'id': '1074755369530880001', 'name': 'Journalists', 'description': 'Journalism'}}]",535,0,0,0
"{'mentions': [{'start': 0, 'end': 15, 'username': 'PaulBedsonWPGB', 'id': '1779184222021754880'}, {'start': 16, 'end': 29, 'username': 'Partisangirl', 'id': '312696314'}, {'start': 30, 'end': 41, 'username': 'dschorrnyc', 'id': '20159497'}], 'annotations': [{'start': 155, 'end': 167, 'probability': 0.6807, 'type': 'Person', 'normalized_text': 'JESUS CHRISTS'}, {'start': 227, 'end': 232, 'probability': 0.5067, 'type': 'Person', 'normalized_text': 'ISRAEL'}]}",2025-04-08T03:44:35.000Z,1909452286054531246,1757177030213341184,en,['1909452286054531246'],"@PaulBedsonWPGB @Partisangirl @dschorrnyc this once free
PROTESTANT CHRISTIAN
CONSTITUTIONAL REPUBLIC
is supporting the
RELIGIOUS GENOCIDE in
PALESTINE to
JESUS CHRISTS OWN PPL
BORN IN BETHLEHEM FROM
NAZARETH BOTH IN
PALESTINE
ISRAEL HAS INFILTRATED
THE REPUBLIC
â€œROUGE GOVERNMENTâ€
BLESSED ARE THE
PEACEMAKERS","[{'domain': {'id': '47', 'name': 'Brand', 'description': 'Brands and Companies'}, 'entity': {'id': '1582737219336347650', 'name': 'ONCE'}}, {'domain': {'id': '69', 'name': 'News Vertical', 'description': 'News Categories like Entertainment or Technology'}, 'entity': {'id': '840159122012102656', 'name': 'Political News', 'description': 'Political News'}}]",0,0,0,0
"{'urls': [{'start': 47, 'end': 70, 'url': 'https://t.co/AHgow0udpF', 'expanded_url': 'https://x.com/stairwayto3dom/status/1908875960033694029/photo/1', 'display_url': 'pic.x.com/AHgow0udpF', 'media_key': '3_1908875952135835648'}], 'mentions': [{'start': 3, 'end': 18, 'username': 'stairwayto3dom', 'id': '1593929531148144645'}], 'annotations': [{'start': 20, 'end': 28, 'probability': 0.3711, 'type': 'Person', 'normalized_text': 'PALESTINE'}]}",2025-04-08T03:44:34.000Z,1909452282703516052,1654258473050468352,en,['1909452282703516052'],RT @stairwayto3dom: PALESTINE WILL BE FREE! ğŸ‡µğŸ‡¸ https://t.co/AHgow0udpF,,962,0,0,0
"{'urls': [{'start': 56, 'end': 79, 'url': 'https://t.co/gfSXUSkjTc', 'expanded_url': 'https://x.com/jacksonhinklle/status/1909418416269631504/video/1', 'display_url': 'pic.x.com/gfSXUSkjTc', 'media_key': '7_1909377945354813441'}], 'mentions': [{'start': 3, 'end': 18, 'username': 'jacksonhinklle', 'id': '1151913018936053760'}]}",2025-04-08T03:44:33.000Z,1909452276151832843,1344081148926963712,en,['1909452276151832843'],RT @jacksonhinklle: ğŸ‡µğŸ‡¸ THE WORLD STANDS WITH PALESTINE! https://t.co/gfSXUSkjTc,,232,0,0,0
"{'mentions': [{'start': 3, 'end': 18, 'username': 'Yemenimilitary', 'id': '1818313690849972224'}], 'annotations': [{'start': 58, 'end': 64, 'probability': 0.7372, 'type': 'Place', 'normalized_text': 'Red Sea'}, {'start': 69, 'end': 77, 'probability': 0.966, 'type': 'Place', 'normalized_text': 'Palestine'}, {'start': 85, 'end': 89, 'probability': 0.9851, 'type': 'Place', 'normalized_text': 'Yemen'}]}",2025-04-08T03:44:33.000Z,1909452275648782660,806280486,en,['1909452275648782660'],RT @Yemenimilitary: No Zionist ship will pass through the Red Sea to Palestine since Yemen announced the resumption of its operations in thâ€¦,,10104,0,0,0
"{'mentions': [{'start': 3, 'end': 13, 'username': 'ajacoumba', 'id': '1581410400133959681'}]}",2025-04-08T03:44:32.000Z,1909452274939654251,1706641203272286209,fr,['1909452274939654251'],RT @ajacoumba: Voyez-vous ce qui se passe en Palestine actuellement???,,32,0,0,0
"{'mentions': [{'start': 0, 'end': 15, 'username': 'KhaledEljuhani', 'id': '2456580182'}]}",2025-04-08T03:44:31.000Z,1909452269457666134,808928453005287424,ca,['1909452269457666134'],"@KhaledEljuhani ÙŠØ§ Ø´Ø¨Ø§Ø¨ Ø§Ù„Ø¹Ø§Ù„Ù…âœ…ğŸŒ¹

ÙˆÙ‚ÙØ© Ø­Ù‚ Ø¥Ù†Ø³Ø§Ù†ÙŠØ© Ù…Ø¹ Ø§Ù„Ø­Ù‚ØŒÙˆÙÙ„Ø³Ø·ÙŠÙ†

Ø¹Ø·Ù„ÙˆØ§ Ù„Ù‡Ù… Ø¥Ù„ÙƒØªØ±ÙˆÙ†ÙŠÙ‹Ø§ğŸ’¥Ø£Ù†Ø¸Ù…Ø©Ø§Ù„ÙƒÙ‡Ø±Ø¨Ø§Ø¡=Ù†ØµØ± ÙˆØªÙ…ÙƒÙŠÙ† ÙÙ„Ø³Ø·ÙŠÙ† ÙÙˆØ±Ø§Ù‹

Oh, youth of the worldâœ…ğŸŒ¹

A humane stand with justice and Palestine.
Disrupt their electrical systems electronically=immediate victory and empowerment for Palestine",,0,0,0,0
"{'mentions': [{'start': 0, 'end': 5, 'username': 'grok', 'id': '1720665183188922368'}], 'annotations': [{'start': 32, 'end': 40, 'probability': 0.7422, 'type': 'Place', 'normalized_text': 'Palestine'}]}",2025-04-08T03:44:30.000Z,1909452265297264738,1265831094491983879,en,['1909452265297264738'],@grok who is supporting to kill Palestine humanity,,0,0,0,0
"{'mentions': [{'start': 3, 'end': 11, 'username': 'SkyNews', 'id': '7587032'}], 'annotations': [{'start': 66, 'end': 69, 'probability': 0.9743, 'type': 'Place', 'normalized_text': 'Gaza'}]}",2025-04-08T03:44:30.000Z,1909452264000966840,1681177288539357184,en,['1909452264000966840'],"RT @SkyNews: Israeli troops opened fire on a group of vehicles in Gaza including ambulances due to a ""perceived threat following a previousâ€¦","[{'domain': {'id': '45', 'name': 'Brand Vertical', 'description': 'Top level entities that describe a Brands industry'}, 'entity': {'id': '781974597310615553', 'name': 'Entertainment'}}, {'domain': {'id': '30', 'name': 'Entities [Entity Service]', 'description': 'Entity Service top level domain, every item that is in Entity Service should be in this domain'}, 'entity': {'id': '781974597105094656', 'name': 'TV/Movies Related - Entertainment'}}, {'domain': {'id': '46', 'name': 'Business Taxonomy', 'description': 'Categories within Brand Verticals that narrow down the scope of Brands'}, 'entity': {'id': '1557697121477832705', 'name': 'Publisher & News Business', 'description': 'Brands, companies, advertisers and every non-person handle with the profit intent related to  marketing and advertiser agencies, publishers of magazines, newspapers, blogs, books'}}, {'domain': {'id': '47', 'name': 'Brand', 'description': 'Brands and Companies'}, 'entity': {'id': '1100765157339234304', 'name': 'Sky News', 'description': 'Sky News'}}, {'domain': {'id': '131', 'name': 'Unified Twitter Taxonomy', 'description': 'A taxonomy of user interests. '}, 'entity': {'id': '1046545033657081857', 'name': 'News', 'description': 'News'}}, {'domain': {'id': '131', 'name': 'Unified Twitter Taxonomy', 'description': 'A taxonomy of user interests. '}, 'entity': {'id': '1100765157339234304', 'name': 'Sky News', 'description': 'Sky News'}}, {'domain': {'id': '131', 'name': 'Unified Twitter Taxonomy', 'description': 'A taxonomy of user interests. '}, 'entity': {'id': '1196447117297905665', 'name': 'News outlets'}}]",76,0,0,0
"{'mentions': [{'start': 3, 'end': 14, 'username': 'yousef_ki1', 'id': '775714779830902784'}], 'annotations': [{'start': 16, 'end': 38, 'probability': 0.8963, 'type': 'Organization', 'normalized_text': 'UN Human Rights Council'}, {'start': 54, 'end': 71, 'probability': 0.9228, 'type': 'Person', 'normalized_text': 'Francesca Albanese'}, {'start': 76, 'end': 77, 'probability': 0.7197, 'type': 'Place', 'normalized_text': 'UN'}, {'start': 102, 'end': 110, 'probability': 0.9278, 'type': 'Place', 'normalized_text': 'Palestine'}]}",2025-04-08T03:44:30.000Z,1909452263581466755,1823648166073208832,en,['1909452263581466755'],"RT @yousef_ki1: UN Human Rights Council voted to keep Francesca Albanese as UN Special Rapporteur for Palestine till 2028.

Do you supportâ€¦",,654,0,0,0
"{'urls': [{'start': 61, 'end': 84, 'url': 'https://t.co/VEaVpKslnW', 'expanded_url': 'https://x.com/pslnational/status/1908600079667069245/video/1', 'display_url': 'pic.x.com/VEaVpKslnW', 'media_key': '13_1908599703186329601'}], 'mentions': [{'start': 3, 'end': 13, 'username': 'Kahlissee', 'id': '848279118'}], 'annotations': [{'start': 50, 'end': 58, 'probability': 0.9467, 'type': 'Place', 'normalized_text': 'Palestine'}]}",2025-04-08T03:44:29.000Z,1909452260398031114,1250653241056079872,en,['1909452260398031114'],RT @Kahlissee: ğŸ‡ºğŸ‡¸ Indigenous Americans stand with Palestine: https://t.co/VEaVpKslnW,"[{'domain': {'id': '46', 'name': 'Business Taxonomy', 'description': 'Categories within Brand Verticals that narrow down the scope of Brands'}, 'entity': {'id': '1557696940178935808', 'name': 'Gaming Business', 'description': 'Brands, companies, advertisers and every non-person handle with the profit intent related to offline and online games such as gaming consoles, tabletop games, video game publishers'}}]",3884,0,0,0
"{'urls': [{'start': 56, 'end': 79, 'url': 'https://t.co/gfSXUSkjTc', 'expanded_url': 'https://x.com/jacksonhinklle/status/1909418416269631504/video/1', 'display_url': 'pic.x.com/gfSXUSkjTc', 'media_key': '7_1909377945354813441'}], 'mentions': [{'start': 3, 'end': 18, 'username': 'jacksonhinklle', 'id': '1151913018936053760'}]}",2025-04-08T03:44:29.000Z,1909452258862936162,4358946255,en,['1909452258862936162'],RT @jacksonhinklle: ğŸ‡µğŸ‡¸ THE WORLD STANDS WITH PALESTINE! https://t.co/gfSXUSkjTc,,232,0,0,0
"{'urls': [{'start': 74, 'end': 97, 'url': 'https://t.co/a6kPL7THt1', 'expanded_url': 'https://x.com/jacksonhinklle/status/1908919881275470083/video/1', 'display_url': 'pic.x.com/a6kPL7THt1', 'media_key': '7_1908841963635318784'}], 'mentions': [{'start': 3, 'end': 18, 'username': 'jacksonhinklle', 'id': '1151913018936053760'}], 'annotations': [{'start': 36, 'end': 41, 'probability': 0.4897, 'type': 'Other', 'normalized_text': 'SWEDEN'}]}",2025-04-08T03:44:28.000Z,1909452257663586783,1302790100938403840,en,['1909452257663586783'],"RT @jacksonhinklle: ğŸ‡µğŸ‡¸ ğŸ‡¸ğŸ‡ª THANK YOU SWEDEN!

WE ALL STAND WITH PALESTINE! https://t.co/a6kPL7THt1",,4438,0,0,0
